filename,chroma_stft,rmse,spectral_centroid,spectral_bandwidth,rolloff,zero_crossing_rate,mfcc1,mfcc2,mfcc3,mfcc4,mfcc5,mfcc6,mfcc7,mfcc8,mfcc9,mfcc10,mfcc11,mfcc12,mfcc13,mfcc14,mfcc15,mfcc16,mfcc17,mfcc18,mfcc19,mfcc20,label
kamalambasamrakshatu.mp3,0.274206295,0.155099511,1598.12481,1850.970943,3185.995496,0.056513666,-167.6828383,108.9833439,-22.07607654,35.29724909,-3.31262703,0.444069901,-6.939825292,1.15131292,-13.24255113,9.09858301,-7.832333075,-6.213546099,-9.012343736,2.401375905,-9.850039581,-3.043398258,-10.17703456,1.358720157,-7.357073482,0.422068446,Anandabhairavi
manasaguruguha.mp3,0.215429073,0.52573812,1505.879504,1893.770914,2843.201399,0.051371268,-60.98310942,115.2020628,-8.599235473,27.8222099,1.163366704,-14.80760072,-7.422686626,-3.146727089,-21.50904981,-0.999473044,-11.50462583,-3.512163511,-1.865144065,-1.851349005,-5.267569592,-3.548114115,-5.820647875,2.801029727,-4.150240782,-3.198727717,Anandabhairavi
neemathisalaka.mp3,0.237844551,0.672849238,1784.991408,2069.266018,3533.476157,0.054747012,-16.56077466,98.30271987,-13.70986747,24.72629203,-3.036094427,-8.435710533,-3.636305799,-3.557180602,-12.8805239,-3.016002293,-11.14333814,-7.143221615,-4.788668855,-1.801924644,-2.607753796,1.248316029,-0.61140352,1.200246888,-3.187017034,-1.650672163,Anandabhairavi
ojagadamba-class.mp3,0.303619659,0.057367384,1453.941696,1170.69265,2516.129165,0.105632833,-247.4555115,137.1457213,-75.10919085,15.41883057,-24.9107473,-25.45483039,-35.614927,-44.45593629,-9.132676004,-10.89648373,-6.5593133,-26.8743638,-21.37998095,1.582419456,-1.183430304,-7.866126828,-14.68743377,-2.191859739,-9.260874883,-3.560873699,Anandabhairavi
11a-anandabhairavi-alapana-dkp-c02.mp3,0.215569999,0.204861864,1188.483301,1531.778305,2042.186239,0.051179413,-141.6887724,142.5393889,-10.55158429,16.04639824,-26.60045196,2.454039292,1.861582907,2.050167031,-12.91833546,3.886387702,-1.561367416,-5.311874132,-11.8992288,0.58567818,-3.118895543,-0.439663057,-7.616439878,-0.243282979,-6.936875209,-2.909155198,Anandabhairavi
03a-anandabhairavi-alapana-ssi-c12.mp3,0.234964851,0.106307805,633.4695264,887.2271108,843.1130098,0.039625596,-314.2819022,187.4456156,50.7921229,3.820116702,-12.9281863,-4.677376057,4.957134605,-18.71395939,-20.42854412,4.563428345,3.596335973,-11.0176487,-8.386214078,-1.195953529,-4.16351683,-9.08227877,-7.657378021,-2.444810321,0.608346486,-0.083657562,Anandabhairavi
03b-tyagarajayoga-anandabhairavi-swarakalpana-ssi-c07.mp3,0.37197986,0.039514251,1644.669556,1418.150377,2488.828363,0.123969027,-239.2465888,143.3046913,-64.06122049,-6.701515499,10.36949952,28.93250179,-22.83066905,4.084296465,4.222647943,1.166948157,-10.00813978,3.534239442,-9.246764353,1.301870844,-3.817346196,3.335989267,-3.661490088,3.855998112,-6.513327212,0.737941303,Anandabhairavi
04c-tyagarajayoga-anandabhairavi-swarakalpana-ssi-c16.mp3,0.362826218,0.052335165,359.2606434,768.7894317,428.6957053,0.019819741,-424.2455823,152.0274303,82.89756209,38.42769665,18.2344321,11.76733151,8.980640375,2.627589096,0.991971338,2.358995273,-2.022054863,-5.429707096,-3.433750131,-1.422336846,-1.038048905,-1.769547752,-2.719549353,-2.66856096,-3.000635098,-3.329656497,Anandabhairavi
02b-pahisri-ananda-bhairavi-swarakalpana-ssi-c13.mp3,0.342963946,0.075692035,1688.810993,1212.830875,2595.213384,0.147642024,-219.9185998,150.9465721,-86.48398882,27.20236969,48.83734819,-3.169553952,0.927893765,7.471577674,-10.24072456,15.64812291,-8.457549835,2.719934287,15.35523923,-9.642641206,-6.322411436,6.05362633,-10.46912971,5.013242489,7.083201801,-3.544836649,Anandabhairavi
04a-anandabhairavi-alapana-ssi-c16.mp3,0.289006643,0.050927248,359.6762643,782.3040951,435.5193436,0.019034184,-444.547741,154.6413287,88.12218314,49.95412979,23.17065467,9.588859217,8.937155765,2.955257302,-5.710270941,-5.814932843,-5.124620259,-5.135646089,-1.725987159,1.968693245,2.940009917,-0.429852868,-5.062482778,-3.929804015,-1.175076617,-2.397875137,Anandabhairavi
1raga-ananda_bhairavi-arohanam_avarohanam.mp3,0.220391302,0.111102372,2465.684393,2252.388291,4844.259986,0.120592439,-225.6422976,60.18553401,-25.32423368,11.00605046,-19.80701159,-2.054814507,-7.88383803,-2.683759794,-4.88175774,9.368094023,-7.204785761,-0.528072221,-11.61319383,2.385616772,-1.744714733,-11.10109663,2.798925809,-1.62477507,-4.775012532,2.172590044,Anandabhairavi
raga-ananda_bhairavi-signature.mp3,0.199074863,0.095984206,2217.386359,2179.200658,4372.421249,0.089497731,-212.8902485,72.70236949,-24.37611188,26.37056547,-14.47348251,-12.31041765,-10.33087396,-1.773931622,-6.626261866,7.210790176,-8.619816145,1.470892803,-11.69420846,3.026224028,-1.899335142,-10.61690785,5.058121935,1.42951474,-6.942893091,2.564713694,Anandabhairavi
raga-ananda_bhairavi-carnatic-singara_velavan.mp3,0.219398524,0.13166976,2126.877138,2048.86571,4136.518322,0.085798072,-169.5162315,77.69464122,-35.11707693,25.24106791,-19.63022099,-8.44952302,-13.82023089,-0.768133785,-2.245211583,5.895612348,-8.869199927,-0.294477513,-12.68899005,2.32545257,-5.281514853,-11.56922006,5.18969298,-4.004283957,-8.358515801,-4.109845028,Anandabhairavi
anupamagunambudhi.mp3,0.29014756,0.10782712,1168.897122,1310.005108,2214.664322,0.051771132,-214.5574888,153.9355359,-14.45893748,49.71866994,-7.507325887,-6.215959139,-1.764869839,9.367352598,-13.63363492,-1.359153637,6.288724329,-10.48769728,4.863893111,-4.445341289,4.261411274,0.133702146,-3.173779688,4.031665299,1.27404037,-1.006190083,Atana
elaneedayaradu.mp3,0.228152329,0.212139398,1405.100068,1676.886291,2592.282719,0.058548408,-177.8618008,105.4596898,-28.86610244,21.9837362,9.078806531,-27.67041781,-24.14126275,17.80868638,-13.89063633,4.252546746,-4.515869804,-9.266169094,7.441420982,8.576087706,-10.73793203,-1.092107214,-8.409133579,11.55667713,1.962486861,5.703033198,Atana
Paramapavana-Ranjani-Adi-RK.mp3,0.299566243,0.187192664,1399.232711,1522.31132,2565.219369,0.080295769,-120.8033895,149.8345926,-43.52823837,16.52229589,-1.501464328,-1.521302605,-25.08309175,-17.28793486,-26.38898885,9.283975009,-17.49857505,11.60492961,-15.34423545,-5.305471633,-11.20373805,-8.779396958,-13.89178529,-8.876590629,-1.504871729,1.342128347,Atana
sakalagraha.mp3,0.259670386,0.379149228,2066.753395,2065.066104,3776.646383,0.096581918,-83.1123595,82.17454941,-15.66886004,38.86908057,3.632884128,-35.93248329,-25.04887875,0.171185901,-21.86794112,-3.737622021,-7.329257147,-7.660192219,-8.166520045,0.927688084,-6.399941155,-4.632909378,-6.291521981,6.350893432,-6.372831531,0.352224304,Atana
srikumara.mp3,0.232455042,0.147080109,1589.60809,1499.482311,2927.509576,0.072953696,-185.226274,127.6304592,-49.8250187,51.10831985,-28.76744251,-3.853286129,-27.84428024,0.730709329,-23.52352094,-5.254344721,4.488618671,-20.45066872,2.104467033,-5.303634766,-0.022978149,-14.17905809,-5.494608053,-4.069717589,-4.119266679,-3.916709991,Atana
shri-mahaganapathim-atana.mp3,0.29767188,0.065194525,1141.064406,1066.166694,2145.109451,0.063916951,-264.3598367,169.8093687,-57.42917169,13.82582854,-22.78069239,-19.0881618,-27.68885598,-40.32529225,-17.08101373,-29.55903197,-16.94067378,-18.89384487,-12.27125931,-2.17981123,-10.56724842,-1.32611002,-7.087660451,-9.390235531,-11.01278967,-5.734764276,Atana
06a-paramapavani-atana-alapana-gnb-c01.mp3,0.25144346,0.060892265,1317.843885,1666.272052,2289.624364,0.062688454,-270.5630155,140.0554629,-15.41972131,-8.004984123,-4.813663623,-28.39608905,-26.4637043,16.97251573,-0.543935414,-9.308342858,-2.639699848,6.51691807,-5.444192606,5.029346363,-5.720997306,-4.818994358,0.297096365,12.00977252,1.762266325,3.555838891,Atana
06c-paramapavani-atana-swarakalpana-gnb-c01.mp3,0.274872084,0.067793399,1240.067642,1479.607648,1971.550334,0.068280876,-264.5010323,153.7657466,-11.4409887,-3.794038482,2.00058087,-37.24884767,-43.35414227,19.7608582,8.557225327,-13.94094233,-14.38679503,1.043954118,-5.184648484,12.40735371,-2.559399079,-10.79937266,-7.183035363,10.89150452,3.434521543,6.784544211,Atana
1raga-atana-arohanam_avarohanam.mp3,0.276802959,0.116148442,2502.439528,2220.444932,4827.075362,0.130789382,-199.1352313,66.50814875,-32.97426086,6.622854272,-30.89323768,-4.997090764,-16.76785357,-11.01776402,-19.61139857,-1.573078579,-15.33637439,-6.620054965,-14.61040198,-0.561094835,-7.829884055,-5.229538742,2.533541459,-0.731443406,-0.377296492,-1.328556527,Atana
raga-atana-signature.mp3,0.26815879,0.156544998,2094.946564,1930.269415,3950.624167,0.107764777,-151.3666962,79.2894777,-56.61642218,1.091630964,-34.41009861,-1.629770151,-16.04656215,-14.84372134,-17.70905726,-1.84568928,-21.49654679,-9.700092733,-19.69353012,-1.366661881,-8.977421321,-2.191609812,-1.46801226,-1.72537111,1.744295285,-0.570824032,Atana
raga-atana-carnatic-anupama_gunambudhi.mp3,0.240550684,0.136392713,2131.081929,2034.035722,3988.854038,0.100436591,-160.8733903,76.70149912,-40.40398079,8.310459461,-35.26713012,-14.42013181,-12.83836979,-11.73917824,-25.72389737,-1.363171941,-20.48540945,-4.497881634,-23.50819761,-3.598040442,-8.875469847,-8.699022566,2.780049046,-4.447433026,-5.270954113,0.194653037,Atana
inthachalamu-begada-varnam.mp3,0.262491773,0.122984722,1271.692465,1120.497798,2400.464746,0.074563069,-216.6539115,151.9218337,-40.58530438,32.46291982,5.07789716,-28.17641698,-7.129303867,-1.679753911,-15.34793412,-0.260858661,2.221464475,-8.894377463,3.936410362,-0.160895719,2.438861354,4.222930133,-2.512837905,0.676847782,1.942612885,-1.15834782,Bageda
lokavanachatura.mp3,0.30361859,0.075849898,1153.038518,1134.4682,2090.895269,0.061999816,-234.533258,175.078738,-40.10498096,24.56506225,-3.803608892,-7.935247256,-16.53211441,3.376071367,-15.11125228,-0.558961542,6.685777725,-10.99030816,2.178094734,-2.34430181,6.257314411,-6.393295756,-5.284549069,2.517264731,2.844997003,0.98281274,Bageda
nadopasana.mp3,0.252340761,0.104294151,1614.383077,1451.127513,3140.417091,0.076647404,-205.206099,135.2221988,-50.9517749,47.16570382,-41.00652055,-10.00848118,-6.949497861,4.422035528,-18.53687703,9.878996239,10.8374114,-16.98632067,5.406601658,-2.956294618,0.312086537,-6.240505642,1.008984075,-3.581058118,0.829954567,-2.330078059,Bageda
thiagarajaya.mp3,0.258340655,0.486011147,2042.304577,2093.273216,3923.585812,0.082886805,-25.13821401,91.09422569,-17.49019608,37.55757449,4.601176325,-19.47268719,-18.52126697,-9.699333363,-20.90285755,-2.729689062,-0.610698147,-4.496272066,-0.624529536,1.49533282,-10.01939395,-5.233954971,-5.63366607,4.664730649,-5.206749989,1.13890098,Bageda
vallabhanayakasya.mp3,0.249878617,0.454377949,1670.921601,1921.849805,3161.256682,0.067400383,-52.08776862,113.2290293,-13.55829193,32.1641615,2.059649924,-15.9438718,-9.416970149,-13.72562972,-20.61656712,1.274629656,-4.130188487,-6.144596636,-2.656137173,1.654266266,-6.028109813,-5.327652861,-7.256086007,6.096314412,-2.570365634,1.015590583,Bageda
08a-rtp-begada-alapana-mdr-c01.mp3,0.256685737,0.104992166,553.5707318,1038.916164,705.9591283,0.029686536,-303.9452503,170.5305145,56.46165091,11.98583261,12.38036543,2.775246786,-4.895233245,0.146960418,-0.348951287,-6.546998544,-6.809608632,-5.345769435,-6.824571964,-5.17802805,0.913876648,3.053873017,-2.956515456,-8.887813098,-6.890369526,-2.360037755,Bageda
08b-rtp-begada-tanam-mdr-c01.mp3,0.261543204,0.165517882,598.5866538,920.9810738,767.6593163,0.036692791,-251.857282,174.6696506,47.66483618,0.014205134,2.941460835,-4.688155584,-14.01839772,-9.613430633,-9.340696709,-13.59082695,-9.41008729,-3.943761995,-5.959473081,-4.867823936,1.620454098,2.251191471,-4.500634507,-7.478433437,-5.702245324,-4.420216299,Bageda
12a-begada-alapana-dkp-c01.mp3,0.316993443,0.094267301,1978.885934,1713.662992,3404.614371,0.137969067,-163.3387243,102.8981318,-35.33576156,62.0321204,-12.49677492,-31.75595142,-18.25046398,47.31477522,23.83739548,5.165926456,1.632140643,0.542405848,17.82987978,23.02456414,-17.40130294,0.202565676,-5.227962789,10.90216749,4.536734795,-7.189641258,Bageda
04a-begada-alapana-gnb-c01.mp3,0.240855435,0.038607515,1494.605923,1783.047506,2465.964176,0.071094657,-285.3943181,131.4774112,-28.01070865,-13.75753659,2.007380891,-22.51008508,-34.10857598,17.65409554,6.753240906,-0.029234672,-0.401565324,5.311055551,-10.39619086,9.740206995,-1.899817678,-2.543995349,-2.308012718,7.684515779,-2.666195747,10.17373755,Bageda
08d-rtp-begada-pallavi-swarakalpana-mdr-c01.mp3,0.303072087,0.236100346,574.7222429,847.5532946,763.3226816,0.036042411,-229.6800344,195.7696656,44.32147751,-0.259559547,2.718899766,-5.779681309,-13.74049821,-9.912233736,-9.360243375,-10.62196374,-7.678903766,-5.681165511,-7.417583745,-4.932861358,-1.637270147,-1.603248119,-5.399289676,-7.115670421,-6.234764604,-4.158120528,Bageda
1raga-begada-arohanam_avarohanam.mp3,0.225366372,0.096652687,2364.680586,2257.049971,4785.190937,0.109742074,-267.1364083,60.59689396,-21.59002592,9.011567191,-17.06400842,-3.370117615,-9.635080083,-6.204941761,-6.227693586,2.765657967,-9.2347665,-0.077975216,-13.02762803,2.038159721,-5.917289323,-8.777037242,5.972080768,2.730229489,2.277255662,4.064290918,Bageda
raga-begada-signature.mp3,0.226509476,0.126659885,1964.65836,2026.914266,3874.43312,0.083023966,-212.2366275,78.96278193,-35.50495217,14.1145978,-18.74659805,-6.751498652,-11.83490017,-4.12165784,-4.037939546,1.912065291,-12.60683184,-6.224121964,-9.72614511,3.624563684,-3.768375027,-9.807023994,4.972348194,-3.724192328,-7.147312056,2.088897877,Bageda
raga-begada-carnatic-vallabha_nayakasya.mp3,0.235924808,0.121855408,2184.493392,2092.550301,4186.014695,0.090869906,-193.4907018,73.44850864,-34.52279904,11.82944126,-27.4953626,-4.966109911,-9.118073528,-6.288668196,-6.441763658,7.00215222,-15.63994557,-6.975502067,-11.41730398,6.218730369,-7.963563453,-11.92644333,6.155838388,-1.696097141,-7.977664237,3.579837186,Bageda
srirama-bhairavi-geetham.mp3,0.39553251,0.170403853,1039.458956,1444.309783,2251.25702,0.030607838,-211.2927463,130.2273036,-8.834420358,19.84039333,12.60967064,-13.46396815,-4.476432337,3.265415421,-2.977529241,-7.826627942,-16.73091732,6.564071595,11.40599861,7.24855845,6.635508267,1.848291523,0.590303798,5.148452331,3.380544619,8.138270162,Bhairavi
viriboni-bhairavi.mp3,0.388394279,0.134888351,956.5400468,1447.038683,1936.432342,0.023341431,-243.2192026,119.8308723,1.643385318,22.77870329,11.77704343,-10.87643985,1.82803584,3.250350113,-2.403277168,2.22205846,-8.022365188,3.361156902,9.715140652,5.925542053,4.024259171,-2.16066838,-2.06704728,5.037326076,3.51585972,4.504196821,Bhairavi
balagopala.mp3,0.25811821,0.057483371,1660.776249,1733.786379,2839.895809,0.082163877,-257.2794276,119.7055583,-28.71427076,17.45112676,4.437623692,-36.56775868,-16.92670745,7.509492389,-26.52450325,7.254177518,4.333770309,-9.082024291,-3.156074265,5.015321811,-7.286820894,5.349239118,-6.745812756,8.971163953,2.987836472,6.381956774,Bhairavi
chintayamaam.mp3,0.255141017,0.325921595,1521.255873,1911.363343,2984.260751,0.060402629,-106.1350166,121.8946133,-12.66151242,22.25266945,8.261124741,-30.56721031,-9.992427821,-3.766742979,-20.26397218,6.612507714,-10.83300678,-6.447612579,-1.406377012,-4.465097377,-14.52073521,0.806734694,-11.27455127,2.997869281,-2.866109499,-0.236782639,Bhairavi
enatinomu-class.mp3,0.376498849,0.029689474,1478.05672,1070.098133,2349.987318,0.109749358,-307.5733526,139.702141,-103.4984949,-17.57072876,-41.54472681,-6.90367993,-6.656386464,-35.42268182,-12.30397141,-22.11514829,-8.656564729,-11.72206867,-6.581809372,5.787331889,-4.921426971,-0.8223603,-14.90877807,-17.03583873,-8.560643213,-7.47370915,Bhairavi
kamakshi-detailed.mp3,0.350657936,0.19780609,1090.811044,1285.125331,2219.038449,0.047375184,-194.0902504,145.1134953,-4.693430039,42.56708891,10.3633805,-3.406292792,-4.81911063,0.053108506,-7.665818935,3.327118318,0.851513898,-2.953686115,5.191945331,-1.561593716,2.11589848,-1.543362749,1.051923014,1.696212365,3.204034728,-1.303272497,Bhairavi
srilalithe.mp3,0.256653032,0.053292099,1532.177797,1328.341164,2844.957299,0.088205188,-282.1040777,143.8233834,-38.80148624,56.77730723,-7.512369487,-37.42001537,-4.662644961,10.73204948,-31.671459,1.354412651,8.665341762,-18.14169095,8.87865338,-0.64109903,4.882640983,0.635456238,-1.690096742,1.163447207,0.67704175,0.955610491,Bhairavi
upacharamu-class.mp3,0.248939676,0.121087708,1259.384142,1174.272605,2400.452248,0.067268323,-204.7006295,154.9379436,-60.68348064,31.88025772,-18.05457761,-21.21087601,-26.371787,-38.11508485,-21.97628689,-31.83195771,-9.011043586,-18.67500328,-12.27317881,-0.040262105,-10.63189408,0.774712603,-11.45003486,-10.05826965,-6.93248297,-9.196759027,Bhairavi
05a_bhairavi_alapana-ssi-c09.mp3,0.291177321,0.022913042,2095.678315,2359.615942,4753.770152,0.090736429,-267.2279325,102.5115862,-6.264512927,28.91305742,-4.254496217,18.34160975,-12.73675704,8.397240912,-21.4577278,9.995452086,-11.5531663,6.245191969,-16.22782132,2.361051596,-2.500796617,8.572509513,-16.17068531,-1.986746391,-3.018974346,0.931541149,Bhairavi
05c_amba_kamakshi_bhairavi_neraval-ssi-c09.mp3,0.255384221,0.041853592,1698.231001,1937.165718,3379.594364,0.078911691,-244.5224889,118.0792677,-20.49877878,33.96926627,0.104848473,11.19586877,-10.40583365,5.185228621,-23.04182867,7.102405096,-15.51289559,3.725497312,-9.452713504,8.401564218,-2.796387021,4.088104588,-16.73682225,-0.753741964,-4.612480252,2.235347556,Bhairavi
1raga-bhairavi-arohanam_avarohanam.mp3,0.253050159,0.092310816,2575.027123,2307.157765,5046.28704,0.130756807,-239.5975717,56.10160187,-23.19332952,13.17494459,-18.10802822,-9.928772697,-10.29319153,-5.373990401,-7.569285409,4.395730845,-14.31679876,2.046704602,-11.02205061,3.951687775,-2.760294369,-5.767490308,11.42702614,3.10603004,-2.412903516,-1.206378572,Bhairavi
raga-bhairavi-signature.mp3,0.231024892,0.086356148,2672.979049,2261.95735,4934.065425,0.144905325,-218.4086746,46.60660526,-28.34771716,25.23880035,-18.06137829,-26.64489504,-16.17373155,1.246933078,-14.20808233,-0.23550732,-11.25348134,4.983066644,-16.44921056,7.941506971,3.926379232,3.675366618,18.71901741,7.134087645,-2.522769762,0.718419075,Bhairavi
raga-bhairavi-carnatic-thaaye_ezhai_paal.mp3,0.251610428,0.088882878,2437.2003,2087.836889,4399.303384,0.122649562,-193.181861,65.20168733,-36.31820546,28.08798806,-22.58791475,-17.06412609,-14.63322322,-2.980087515,-13.67111708,-1.209857827,-11.37312506,3.079555586,-10.96100956,2.613331202,1.087447395,-7.821429427,8.292827122,-1.9160689,-10.46140439,0.734880506,Bhairavi
dorakuna.mp3,0.257125032,0.066385038,1548.578681,1256.910905,2763.773499,0.105817887,-275.6229502,143.844819,-52.88595191,52.1647212,-16.63609388,-37.54216171,-5.19321374,7.698570871,-26.6202666,-1.146422108,10.27402587,-14.60580042,8.319384362,-0.82444234,2.467485479,-0.143930589,-3.144958045,3.114486373,-1.697568262,-2.774525456,Bilahari
KaamaakshiBilahari.mp3,0.257069184,0.116488822,998.5882703,1229.770826,1748.888515,0.039292046,-273.4380711,147.6649163,-40.53852643,-6.728193319,-1.425068233,-18.810213,-6.386490279,2.505707695,-11.61465954,11.18104104,3.238473925,-2.324027746,2.237526309,15.95583923,12.41998032,-1.624498288,-4.740381229,-2.762079237,-0.477376819,-0.945315851,Bilahari
paridhana.mp3,0.244116009,0.148133919,1460.760466,1764.678846,2672.71042,0.066268239,-198.8415491,103.0561281,-26.82372379,19.34856605,11.15868683,-20.94610911,-22.89175518,15.70910451,-18.33062764,6.236268539,-4.38098299,-5.019702025,9.533022899,13.50673731,-13.25600062,1.559818093,-9.04765404,13.18611795,6.390066582,6.228742881,Bilahari
raravenu-swarajati.mp3,0.318621771,0.230391592,1278.0233,1630.579885,2584.440534,0.038783361,-191.7745016,101.8458176,-10.03340822,29.78851157,6.034544746,-15.67070343,-1.910990788,5.197643215,-6.580561094,3.864448156,-4.894951343,5.732027742,8.105000352,2.702188821,4.604584938,4.29673944,1.010864612,9.838051018,3.062114991,5.759905226,Bilahari
05b-tolijanma-bilahari-krithi-dkp-dkj.mp3,0.300893968,0.095873125,1280.25429,1987.379762,2215.820341,0.047031998,-197.203895,135.4293983,17.50063484,21.14528436,26.95307078,17.11920168,-18.82947405,-15.33230757,-10.21584456,-2.179279872,-8.724530816,6.342945679,3.395702547,-1.319946177,-9.911109622,0.289779903,-5.250316766,-0.327532748,-4.121812228,-1.405704956,Bilahari
03a-SriBalasubramanyam-bilahari-ssi-air96-alapana.mp3,0.299108292,0.124179631,719.5996135,797.0441957,1263.16669,0.038383214,-273.5558073,186.7408075,-5.107166021,-5.912779328,10.64741801,-4.934688954,-1.74809288,-5.216152512,-9.027898661,-4.536285488,0.233738104,2.880743039,-3.125359593,-4.80015606,-0.629591815,-4.866750669,-7.573995102,-3.71856703,-3.432989205,-7.648448721,Bilahari
04a-bilahari-alapana-mdr-c04.mp3,0.277734288,0.054511037,1064.116404,1514.303474,2051.509379,0.040950445,-281.0551786,150.5869015,-7.666753673,24.45506279,7.941653592,1.100512361,-12.58000877,1.982248921,-13.93143427,-2.318620227,-7.287689121,3.429823973,-9.905705374,2.41178099,-2.060696132,6.529154547,2.416291049,5.969571961,-1.412396389,-1.455378135,Bilahari
05a-bilahari-alapana-dkp-dkj.mp3,0.232227711,0.081169389,1441.742883,2204.128061,2464.864395,0.049891405,-224.7676205,134.5405723,24.26077152,-8.819393017,7.523917928,14.17653502,-0.450896354,-2.62019328,3.91474623,3.418495415,-8.603936607,-2.618761146,-2.557871543,0.308322064,-6.089179529,-0.523525861,-3.872656979,-1.268000354,-7.259001251,-1.552013754,Bilahari
07a-bilahari-alapana-ssi-c07.mp3,0.295835136,0.08252456,2265.678195,1612.851239,3664.031355,0.156963576,-149.4299246,83.93127281,-93.3512108,13.35226986,-3.893955648,18.32739446,-15.71402177,7.855031489,-7.416049747,14.88722845,-3.193483968,-2.04714342,-11.40898372,5.449677351,-5.909370067,9.035625024,-5.300709092,5.476612196,-8.592340393,1.994445687,Bilahari
14c-FILLER-paridhana-bilahari-neraval-gnb-c01.mp3,0.260092131,0.033269756,1520.8734,2116.867735,3511.767989,0.048450649,-315.2709246,111.5414012,33.87814556,55.65657453,-17.79605266,-17.45459149,12.66716986,20.31547477,-19.79110792,-10.3928472,-0.785461947,15.84274688,-10.59112758,0.21321996,-2.309281046,10.65089864,-1.362476912,-1.249663458,-10.06738931,3.869642058,Bilahari
1raga-bilahari-arohanam_avarohanam.mp3,0.273022825,0.124984846,2401.117904,2256.861708,4778.999322,0.124749925,-215.3793726,73.30219287,-19.67174324,11.10397036,-11.98955173,4.02542859,-5.303633005,0.44364028,0.514302498,6.942873301,-3.554694602,3.15143077,-12.37446078,8.487389717,-3.291654168,-4.247847197,6.678674877,3.379537844,0.890537347,4.0057211,Bilahari
raga-bilahari-signature.mp3,0.204608053,0.095640443,2389.613868,2223.259363,4612.367118,0.09549625,-237.5007899,51.99854543,-16.79373858,41.06614744,-19.65549723,-22.19828636,-14.97705655,-4.84122543,-15.51340851,-5.266214211,-14.25223418,-3.0487225,-10.73319539,3.39635388,-8.103805189,-10.74057483,7.625111205,2.718408607,-5.333472122,2.765810911,Bilahari
raga-bilahari-carnatic-raravenu.mp3,0.253280012,0.11784447,2167.72167,2131.528644,4302.241503,0.096849155,-198.4179346,80.85457157,-25.10540258,16.90057111,-17.70996613,-0.652644149,-6.839741207,0.817250028,-1.631842396,6.391624916,-5.976047083,1.094401313,-8.129861365,3.222891262,-4.914905595,-5.658106229,4.789926515,2.983676965,3.051797929,4.10981618,Bilahari
balakrishnan.mp3,0.234597256,0.696757793,1855.842606,2113.050313,3746.183712,0.054182215,-28.8418866,79.85809399,-17.23127757,24.06502718,-3.137685639,-6.123350546,-3.933435957,-4.820057518,-9.393988697,-0.386578295,-9.232081028,-8.498685403,-8.83265349,-3.043509333,-3.404981811,-1.129295071,-2.819167769,-0.694382638,-4.380503877,-3.569466128,Dhanyasi
ramadayajudave.mp3,0.31195875,0.061385773,1612.869539,1326.130459,2789.293406,0.105091841,-264.4938972,135.1423935,-54.03235485,47.69005768,-6.475085149,-34.95190702,-22.77147238,18.82507667,-31.43596834,-2.343063109,4.042209009,-9.464955097,6.618204673,-9.682018856,2.818519327,-5.651156254,1.88403292,-1.959454375,6.129396061,6.457842976,Dhanyasi
sangeethagnyanamu.mp3,0.243219204,0.086338565,973.8455823,1144.973279,1826.766725,0.047061471,-239.9936695,173.7730231,-13.1239494,38.94583325,-4.093898971,-11.36460883,-1.62546042,-5.788869111,-18.46913012,4.815059795,-1.482449056,-6.779437116,7.798818334,-7.711903678,5.505762236,3.305673958,-0.08604901,5.035927987,1.924542044,1.907832568,Dhanyasi
05a-dhanyasi-alapana-dkp-c04.mp3,0.247020484,0.131338209,1368.313744,1871.881668,2659.444317,0.048198432,-207.2926732,131.8950573,11.32656001,-5.151288483,-7.215311888,17.17148138,-25.6723061,-3.79490569,1.021041595,3.114591531,-18.39148465,6.925816965,-3.487065054,-5.482274571,-10.46859643,5.418206691,-6.68132979,-2.851158405,-6.272178806,1.53624531,Dhanyasi
05c-meenalochana-dhanyasi-neraval-dkp-c04.mp3,0.265935003,0.193770647,1219.213913,1630.064323,2150.302165,0.056624472,-168.2139943,152.9881785,11.81902561,-8.515604605,-9.871347317,16.82441894,-20.68620682,-9.315954812,-10.34468701,-5.239806749,-18.21157924,5.305274318,-2.018170235,-0.844322669,-8.838700527,2.491431292,-4.823512342,-3.851802125,-7.687145672,1.398376077,Dhanyasi
05d-meenalochana-dhanyasi-swarakalpana-dkp-c04.mp3,0.316655104,0.150859535,1437.482254,1857.294594,2875.413721,0.065396247,-158.8945506,129.954245,10.89350524,35.45309539,-3.642152253,-19.741622,-20.79466381,22.16121371,-11.50514294,-7.91824163,-17.28927986,-1.958384703,-5.45427278,9.70419093,-11.09198669,0.148873414,-3.284235449,1.212541625,-9.492380685,1.623602328,Dhanyasi
06a-dhanyasi-alapana-dkp-c06.mp3,0.251901988,0.148239732,1734.774646,1862.579118,3889.761312,0.075633434,-116.3459394,117.970378,-22.12672276,48.93848778,-24.41676624,20.73114307,0.083462713,-7.541972509,-0.928282574,12.03758472,-12.17244064,4.860752517,0.934656578,3.286946414,-8.158664202,-2.422144283,0.161152509,0.119821477,-12.06360951,0.2270059,Dhanyasi
06c-meenalochana-dhanyasi-neraval-dkp-c06.mp3,0.324308546,0.149911463,2259.903923,1658.045847,3779.5708,0.16572345,-98.76824451,92.71054098,-61.17150713,63.85268825,-1.919092281,3.613682563,0.34758208,4.881861411,-4.487059699,5.012531864,-6.771384549,11.44612322,0.725137684,0.619622168,-11.41689354,-0.740507281,-4.734456182,-1.847060931,-12.40923014,6.747780034,Dhanyasi
09d-rtp-dhanyasi-pallavi-swarakalpana-kadaikannvaithennai-dkp-c03.mp3,0.259343256,0.135648072,916.001995,1246.188032,1278.338662,0.04883436,-228.8047663,175.3155697,15.94131388,-18.21921796,-38.17152044,3.250576901,-6.225477182,-42.05182142,-15.55958262,7.340616,-21.27440545,-11.96841695,4.795098302,6.517521992,-7.691031533,1.887298498,8.335954498,1.347769006,-6.608191206,3.547155265,Dhanyasi
09b-rtp-dhanyasi-tanam-dkp-c03.mp3,0.194246803,0.178310111,840.8711866,1202.766907,1016.465918,0.044330723,-236.9265949,163.7284759,21.69427745,5.198345728,-39.13992705,-18.38270789,2.605340392,-31.91196012,-27.97169997,6.563102104,-10.7107139,-16.65053283,-6.310817369,13.24471736,2.131636081,-9.075264586,3.021741619,11.69188541,-2.272500759,-0.984696442,Dhanyasi
1raga-dhanyasi-arohanam_avarohanam.mp3,0.264820322,0.151747406,2461.490018,2231.36281,4735.640449,0.12338305,-193.3216445,61.93013164,-31.60698976,2.111991677,-21.8376688,-3.261991358,-16.66141072,-10.89671853,-15.87099332,0.267862427,-15.52600254,-6.858265668,-16.37691147,-0.37242649,-6.44957386,-5.273495081,5.467009084,0.411873362,-4.221983566,-3.160303299,Dhanyasi
raga-dhanyasi-signature.mp3,0.224985127,0.126964688,2313.972844,2124.494334,4385.431153,0.106740888,-194.1120761,68.8423806,-37.87840222,18.72593068,-18.38548158,-13.30046927,-21.5678723,-11.82191055,-19.49725436,-7.225237105,-15.32232334,-6.606058449,-26.71638875,5.563786206,-5.397827753,-9.107474991,11.12644208,-0.492487276,-4.779010576,-3.325685624,Dhanyasi
raga-dhanyasi-carnatic-balakrishnan.mp3,0.232369413,0.144851416,2314.530767,2087.483227,4360.848558,0.110211001,-163.5356345,63.47160631,-47.47172701,2.039845383,-34.40334328,-14.48011587,-20.58952695,-10.16056328,-14.2620776,-1.491698974,-18.76261784,-7.959451363,-20.20747858,1.841145874,-15.98513408,-6.322669886,9.4710714,3.298412598,5.59140046,2.565794514,Dhanyasi
jalajakshi-hamsadhwani.mp3,0.290871592,0.071787566,1112.597373,1716.979405,1725.055771,0.055131572,-247.1099358,175.1623411,5.797028473,-4.048104473,30.76399742,-34.48931466,-6.485898484,-6.483698686,-1.113720014,13.29192964,-15.33232441,13.42556015,-7.450086634,-7.0818057,-8.495432744,-0.698613179,-1.649456339,3.862125698,-9.129915172,4.709952899,Hamsadhwani
raghunayaka.mp3,0.311114347,0.06929449,1351.227365,1249.518304,2594.669743,0.068461112,-242.7216069,145.0571528,-39.22850998,36.17692763,-1.701943905,-23.40298057,-6.26401214,-3.980732802,-18.54439463,1.257057715,7.764707456,-7.609733353,3.209994404,-0.767672594,6.0678787,-0.171481409,-3.487587103,6.011479943,3.006737774,3.068123118,Hamsadhwani
001-parvatipathim-hamsadhwani-krithi-dkj-panchalinga.mp3,0.368063069,0.043465078,1640.346204,1453.082415,3168.092818,0.100338538,-227.4781467,148.1017669,-69.47435459,43.32823299,-23.61746915,-2.663200344,-5.513540944,-3.34952759,-10.54707639,2.43017409,-10.3547197,-0.109334581,-6.081458474,-2.972115331,-5.309746758,-4.43724302,-4.172298657,-2.61097388,-7.690479015,-3.230062516,Hamsadhwani
vaaranamukhavaa_hamsadwani.mp3,0.300562338,0.060237218,857.6977204,1324.866212,1746.226547,0.007359076,-326.2574525,161.1931485,-32.28559534,0.556315276,16.31803794,0.217960855,2.742765686,23.21126612,2.416105596,4.833767539,-6.558615003,-0.860910622,1.424475459,10.71392736,7.764994404,-1.161210445,-8.980128998,-0.346596238,3.50557627,-2.718418003,Hamsadhwani
vatapi.mp3,0.279521517,0.074909255,1038.626261,1135.2184,2060.063921,0.048285716,-241.6718317,177.7675417,-28.22726846,39.99334706,-4.181803282,-13.10935742,1.275301997,-11.73885077,-18.81324402,7.940883622,3.899943382,-2.897436519,3.719731462,-3.575554956,4.063283361,1.502294038,3.347582368,0.905012131,4.871536729,3.888958892,Hamsadhwani
01b-vatapi-hamsadhwani-swarakalpana-ssi-c07.mp3,0.392829027,0.024993863,1775.975205,1480.665577,2919.811112,0.131459312,-259.4020163,131.8498621,-74.96918998,23.50726554,5.902633697,6.919965339,-7.530556137,8.396075639,-10.27941857,5.158775421,-7.121413045,-1.835412655,-7.097775322,6.001079717,-6.786997798,6.793887369,-1.25570163,4.431669156,-6.452151088,0.084722198,Hamsadhwani
01b-vatapi-hamsadhwani-swarakalpana-ssi-c17.mp3,0.334363205,0.066052586,670.5894562,822.6277293,1146.508718,0.039673206,-292.1278999,214.9885773,-4.904082581,2.251162335,12.60767564,8.733993975,-1.381287496,-7.536312698,-1.99414146,-6.618409696,-9.384128184,-5.734166836,-2.643144409,-3.042054059,0.729172342,1.325435835,-1.074769621,-1.157735258,0.337399632,1.975908615,Hamsadhwani
01b-vatapi-hamsadhwani-swarakalpana-ssi-c16.mp3,0.336514222,0.094343647,349.1026552,545.1113357,486.4716763,0.02380449,-355.255307,187.041906,74.29042938,24.89184326,19.98724691,11.4438935,3.249503686,0.434381902,-4.410994533,-6.863741709,-3.84395994,-1.628459417,-2.777606367,-4.115236397,-3.369882866,-1.633569438,-0.712118282,-1.297406515,-3.302952774,-4.080387397,Hamsadhwani
01b-vatapi-hamsadhwani-swarakalpana-gnb-c01.mp3,0.358734114,0.059580099,812.2117777,1511.86964,965.4698439,0.034963545,-291.4569583,166.3886405,52.05683312,21.45402398,0.040349567,-12.02276906,-16.67885964,15.81338599,11.23801572,0.438009526,-10.3425803,4.05327404,0.296919874,5.485608586,-4.689062608,-3.303437462,-5.111565212,8.369075495,3.485509454,2.747196608,Hamsadhwani
01b-vatapi-hamsadhwani-swarakalpana-ssi-c10.mp3,0.31980917,0.091284983,403.2082124,555.7044419,602.992175,0.02649698,-348.1667114,213.1803939,61.19352746,0.614448782,9.333597953,11.23073862,1.428286433,-1.613287809,-0.695509151,-2.183895937,-4.354569982,-6.780316537,-9.134442459,-6.031860699,-1.082449472,-3.307916274,-6.078581246,-2.845724644,-2.251480605,-5.044563039,Hamsadhwani
1raga-hamsadwani-arohanam_avarohanam.mp3,0.241589978,0.082858287,2621.317981,2269.279375,5010.431911,0.137998781,-269.2311113,46.22971328,-25.53077177,15.03330891,-21.00374171,-5.526736582,-14.52955208,-5.897030906,-9.811005673,1.320475213,-8.882554019,-3.909589415,-12.91336279,-0.08086766,-6.755855486,-7.088527127,8.078939369,2.915872621,-1.420630195,-1.117299315,Hamsadhwani
raga-hamsadwani-signature.mp3,0.239830044,0.078304902,2476.702605,2153.260895,4615.204052,0.127910417,-235.6738946,61.91747007,-33.02304627,22.52477496,-24.27545873,-14.23108532,-16.66781339,-6.667774537,-16.68110859,-2.923476223,-9.397688663,-0.613071187,-16.20912978,5.001686691,-4.086012197,-1.987006379,11.98387644,-1.278260423,-3.671612961,-1.836239335,Hamsadhwani
raga-hamsadwani-carnatic-mooladhaara_moorthy.mp3,0.232848347,0.079624057,2427.07331,2097.29685,4446.425231,0.126140362,-227.8507794,58.1703293,-38.26843823,16.14304182,-32.4704489,-18.55504526,-21.38654223,-3.564480288,-10.03015269,-0.347429801,-14.80897022,-0.730836393,-16.18359788,1.068835439,-6.232444036,-6.09763821,12.7480365,0.449704628,-0.148246891,-0.488420009,Hamsadhwani
dinamanivamsha.mp3,0.274808091,0.035183277,1599.513474,1680.184592,2809.876799,0.083731591,-309.6795552,127.1363845,-30.45366645,33.57642268,12.38158,-42.34447987,-14.73262312,5.098477684,-23.52320426,8.002114057,-5.168168134,-7.251895123,2.725546002,6.913823853,-1.780414617,7.850168476,-5.685526105,13.15116984,4.838487,10.31116728,Harikambodhi
Endaro.mp3,0.295879305,0.638283372,1551.750745,1962.985028,3074.461502,0.046432628,-7.865022401,120.2244957,-10.84770611,20.65554799,-0.843674044,-4.741254874,-5.911372456,-4.896483871,-11.61436569,2.252540844,-3.366947316,-2.035464537,-4.110103402,0.946926274,-2.155824819,-2.044628539,-2.826289347,1.375511633,-4.916440716,-2.154870967,Harikambodhi
a1_entara_hari_kambodhi.mp3,0.274402535,0.115840085,1237.801562,1363.191013,2677.653184,0.063238798,-199.4866047,142.3684024,-34.14093338,63.62300861,14.79806794,-8.176052484,11.70059175,-8.565960972,4.448848296,2.416612587,-8.181031164,-3.256366867,-5.561988323,-4.339628498,-3.2960941,-8.377043747,-6.885395447,-2.088501932,0.189556307,1.900276385,Harikambodhi
ramanannubrova.mp3,0.240922896,0.651017189,1612.746678,2022.242182,3170.236141,0.047097745,-17.73808337,108.5081388,-13.26735052,18.6000615,0.375129968,-6.687781807,-8.823006942,-9.252955426,-15.59194721,-1.571902041,-5.976736082,-0.91320461,-2.198102102,1.332641422,-1.867868187,0.288038312,-5.046104484,2.215997134,-0.846345249,-1.441043334,Harikambodhi
02b_dinamani_harikambodhi_swarakalpana-ssi-c09.mp3,0.304263877,0.070770778,1379.125144,1469.207729,2638.361024,0.073091141,-204.0502732,150.6729086,-41.72793163,28.729002,-1.65522544,0.732855731,-3.022596801,-2.817934888,-17.62277448,7.95581991,-14.47292405,-6.219930532,-8.703585574,-3.12089229,-3.312794726,3.216341895,-11.75276733,-2.215643566,0.259764434,1.048835171,Harikambodhi
04a-harikambodhi-alapana-dkp-c06.mp3,0.318142046,0.11606434,1723.436455,1592.125168,2874.070239,0.109327957,-139.3269649,122.9216515,-58.99549207,24.55131215,6.178040858,6.356192024,-12.28572875,12.21357495,-3.51249442,-0.378194776,-7.970472146,8.115238583,-5.119840495,1.645958798,-12.76987375,0.406605978,-4.937310255,2.020305221,-7.547414344,8.424730325,Harikambodhi
03b-dinamani-harikambodhi-swarakalpana-ssi-tisai1960.mp3,0.32624126,0.028763123,1647.866504,1895.112895,3039.462236,0.089829014,-263.2156606,129.2460591,-21.26473618,19.41204455,6.253174892,1.352721126,-11.95352633,12.39590174,-2.693006983,8.540271809,-8.951185611,3.250736416,-7.572247872,3.276536444,-5.714939257,13.75484791,-1.813582606,2.722115936,-8.86963957,1.941386645,Harikambodhi
03b-endukunirdaya-harikambodhi-swarakalpana-ssi-c02.mp3,0.326477101,0.010251181,2823.913456,1868.787118,4346.282715,0.22091085,-448.3448396,2.981220626,-20.83691973,124.4353065,25.28295878,2.939122815,5.38294864,17.8591047,-10.77598208,13.30492546,-1.765308618,-4.011770264,-20.67336052,14.20235106,11.68497297,30.94634516,1.04331557,15.93909744,8.485031115,-1.370428335,Harikambodhi
03b-endukunirdaya-harikambodhi-swarakalpana-ssi-c02(1).mp3,0.326477101,0.010251181,2823.913456,1868.787118,4346.282715,0.22091085,-448.3448396,2.981220626,-20.83691973,124.4353065,25.28295878,2.939122815,5.38294864,17.8591047,-10.77598208,13.30492546,-1.765308618,-4.011770264,-20.67336052,14.20235106,11.68497297,30.94634516,1.04331557,15.93909744,8.485031115,-1.370428335,Harikambodhi
04c-sanithodi-harikambodhi-swarakalpana-dkp-c06.mp3,0.271374142,0.102067389,1683.411061,1620.705339,2809.683088,0.111430429,-156.2319231,122.8670976,-48.85312522,25.7161764,8.733743625,0.609518864,-10.16849962,9.941779433,-7.479079409,0.236058452,-5.793819739,10.94768845,0.925717416,6.396872409,-10.08850039,-0.377843389,-5.440336976,1.382231955,-8.065656916,2.568796963,Harikambodhi
1raga-hari_kambhoji-arohanam_avarohanam.mp3,0.231244239,0.096757859,2348.437114,2219.081816,4672.095147,0.111934568,-259.1061854,61.67410757,-20.18811444,13.79075613,-20.36405822,0.517347028,-5.660350677,-4.852829535,-7.176653445,7.2703686,-10.14000435,-3.502124224,-8.977112578,2.335171798,-4.087492788,-6.135183624,3.667824071,0.502978123,-0.08529332,8.980483897,Harikambodhi
raga-hari_kambhoji-signature.mp3,0.206157203,0.114183106,2201.097648,2168.263051,4379.838519,0.091762301,-224.2670885,66.9335421,-19.69947341,22.19396667,-22.46328288,-4.011221395,-2.313993974,-6.528577531,-14.88412138,2.280185412,-9.811688959,-2.618175896,-14.11444542,2.351829003,3.573647751,-6.685407037,8.241095321,2.224374159,-5.901555218,3.911671762,Harikambodhi
raga-hari_kambhoji-carnatic-enathu_manam.mp3,0.205886135,0.119160004,2057.337584,2124.600185,4044.830368,0.078422276,-212.7719643,74.24195642,-19.78139374,29.73792509,-17.23207001,-13.67899259,-12.51268894,-0.897999988,-13.1812514,-5.410099422,-12.91169114,3.138172477,-14.64373979,-3.869902079,-3.759329643,-11.71439056,5.261618662,-1.134233723,-7.972720088,4.050364448,Harikambodhi
bhajare-gopalam-sowmya.mp3,0.268526423,0.088381313,2549.818568,1892.145422,4480.780876,0.179639607,-156.8464786,64.28469877,-58.69516971,30.45731746,-21.96265639,8.643242797,-18.00968359,-11.38369766,-8.346024584,1.955753797,-4.896498784,-4.470271983,-6.170081355,-3.326390284,-5.716495313,0.264813229,-2.143138985,2.233471433,-4.69786476,-1.496559401,Hindolam
govardhana.mp3,0.218413365,0.604340911,1991.351491,2189.238268,3872.371032,0.069433707,-35.79836784,78.0531925,-13.22180045,29.1299909,-0.373327722,-15.41395171,-7.454663296,2.920172488,-17.19954393,-2.875362082,-4.532410162,-8.642415006,-7.051367444,-1.604517621,-8.482429021,-3.799248115,-8.241194199,-0.44410549,-7.611962737,-4.853409861,Hindolam
MaaRamanan-R.mp3,0.281702381,0.071404904,908.1012383,1216.005268,1687.000865,0.02405274,-299.8252544,168.3826964,-46.67725361,0.267240546,-2.666413473,-14.59089197,-2.631720558,11.02779924,-11.6485546,3.360566088,-4.783592137,1.382344696,2.286784552,15.77533697,11.17690942,1.576499239,4.534721574,1.019291114,-8.983923776,-5.026387537,Hindolam
NambiKettavar_Hindolam.mp3,0.295007911,0.072748341,855.9361306,1236.849275,1671.910126,0.023458471,-307.7337158,157.8638585,-42.50835102,7.45606867,6.752011544,-8.569194723,-6.450193967,-0.293727597,-12.44833131,5.896315298,4.572420506,9.061236655,1.43632111,3.622601353,6.673652684,5.735988528,2.33639087,4.430106855,-2.356846573,-2.158112584,Hindolam
samajavaragamana.mp3,0.259173054,0.138755038,1110.59754,1501.305854,2245.989321,0.042369663,-210.3105269,140.8035415,-25.99559989,26.6277452,22.58156569,-21.51924004,-16.33915283,11.02982153,-12.79052558,5.555538327,-4.265498603,-0.702360465,5.949460922,6.504349074,5.568635076,-0.083122729,-4.789949508,7.017136082,-1.684581977,8.222089858,Hindolam
08a-hindolam-alapana-ssi-tisai1960.mp3,0.349014414,0.021789366,2237.086865,2561.399564,5861.061696,0.181559859,-301.4232538,118.7335042,23.58687361,26.48370208,-20.84808662,29.19487021,-15.29862472,10.13987423,-5.632642593,-3.46714359,10.06208379,-10.83097499,5.594383555,-3.690263007,-5.90643817,18.33372714,-14.85626137,15.87417767,-22.30461606,6.943716385,Hindolam
08c-govardhana-hindolam-swarakalpana-ssi-tisai1960.mp3,0.35085114,0.018770307,2355.296504,2638.11714,5727.744549,0.196139716,-316.4231288,110.069315,33.76362118,22.79064282,-20.395766,26.28244623,-13.91237213,10.28132417,-1.082249843,-2.463054014,3.107492897,-8.096090327,0.953865048,5.13884668,-12.21107795,22.39650761,-14.13196002,18.23241889,-20.45591938,3.707239671,Hindolam
22a-FILLER-hindolam-alapana-ssi-c12.mp3,0.314102795,0.062396362,852.7442436,1011.588625,1438.525447,0.051406125,-285.2130554,180.5386552,2.088766446,-13.23146588,6.916549891,-6.741436745,-8.211497987,-9.153746463,-10.21912661,-1.477417338,-2.104577714,-8.159501685,-8.119913205,-6.633573955,-3.116883881,-0.966249661,-5.143703203,-7.23785667,-2.197492336,2.270975558,Hindolam
22b_FILLER_govardhana_hindolam-swarakalpana-ssi-c12.mp3,0.288193892,0.106456801,715.221607,817.435071,1076.647659,0.046884635,-269.8741664,204.0338746,5.769779603,-9.873764474,10.28775028,-12.72260332,-16.67513024,-10.73824107,-13.45763506,-11.13890956,-7.854018759,-5.761191348,-2.777141469,-3.717498988,-5.070542987,-3.732379883,-3.510899542,-3.69357162,-1.959734111,-0.812087228,Hindolam
04a-hindolam-alapana-gnb-c06.mp3,0.266548734,0.039041705,956.1161663,1603.851829,1362.328152,0.039216381,-350.0328775,157.4717169,37.7512103,11.65742255,-9.421130648,8.360886627,-6.469715326,0.794429229,-9.418421659,2.218362533,-4.758023828,-0.626833453,-10.02763787,-4.492919692,-8.050567469,-1.681592192,-6.309478237,-2.344895552,-5.231256277,0.207176801,Hindolam
1raga-hindolam-arohanam_avarohanam.mp3,0.236934626,0.081009589,2615.420262,2267.747048,5016.834862,0.135471978,-253.0692292,50.25119065,-31.68210158,3.816571352,-23.12961403,-5.462139928,-11.63291448,-8.753980542,-11.24832408,3.064400379,-9.339210352,-1.007225236,-10.54693967,0.059233609,-8.121709477,-10.10790497,1.992914381,-2.577257431,-4.665747035,-0.116569964,Hindolam
raga-hindolam-signature.mp3,0.191880655,0.061392277,1976.754984,2062.054812,3929.040974,0.076969052,-283.5097232,79.21233876,-35.03772763,9.248145591,-23.19338636,-7.819273406,-8.274841362,-14.24930898,-20.43592611,-1.794774083,-7.082688195,1.938624994,-10.44651629,2.259447666,-10.83389079,-15.42743616,1.403071621,-5.011897089,-6.856016075,-2.10806099,Hindolam
raga-hindolam-carnatic-govardhana_girisham.mp3,0.242657056,0.083669685,2514.905976,2111.174089,4493.397108,0.135559684,-204.928048,58.71140068,-38.6238904,15.6114965,-31.57304301,-12.94436834,-11.89841242,-10.07605464,-20.18199552,-1.251966751,-10.06101564,0.743578627,-13.90766434,1.831667338,-5.983636071,-14.10102484,0.496447628,-1.806725613,-6.757303965,1.885451825,Hindolam
KALYANI_ATA_TALA_VARNAM_KVN.mp3,0.269438506,0.071173973,889.3798068,872.1858305,1577.92888,0.051304105,-286.6763674,161.6060199,-18.21902356,-13.78748822,-3.657284476,-20.27823078,-20.14614832,-17.92306907,-15.94641896,-15.57841874,-12.75735468,-7.723116184,-5.703529855,-6.555901558,-6.90370344,-8.213321735,-9.807980083,-7.412838915,-5.983380324,-5.167263687,Kalyani
varnam-reethigowlai-vanajaksha-ata-mdr-c25.mp3,0.267833494,0.159357548,801.5867806,979.2265283,1475.761767,0.043072754,-225.2425385,186.7454055,-8.626353942,2.696179332,28.53038654,-3.434274539,-32.48134667,8.458803701,-5.091108306,-21.88905571,2.300319311,-0.34465329,-6.621574666,2.028818761,2.359365375,-7.512005755,0.149812144,-0.712781895,-5.383955453,1.24620356,Kalyani
078-SGR-Alamelu.mp3,0.238874548,0.171136945,1677.265354,1759.55828,3089.358529,0.085996729,-177.2961531,101.5384538,-34.78416091,27.71886254,-2.551865657,4.401858678,-8.805905993,-5.196453503,-3.097124235,3.669018146,-7.907632932,-1.953831968,-5.988659026,5.806300631,-3.470624415,5.573695959,1.874507229,8.839201251,-3.252068284,4.95378115,Kalyani
kamalambambhajare.mp3,0.225426283,0.70900321,2102.916351,2240.173727,4234.330054,0.062548743,9.789437523,76.57167314,-21.94792356,22.57514703,-0.373946121,-7.560402525,-11.37041718,-8.380566254,-12.75785968,-1.068293794,-6.519416942,-2.343625872,-3.790456633,1.365716226,-3.03991429,-2.602121108,-5.667477724,2.327223156,-2.089249317,-2.353576838,Kalyani
pankajalochana.mp3,0.27070215,0.140304863,1713.34803,1512.004076,3094.045094,0.093802427,-172.5032078,121.7457814,-53.97933938,56.13541576,-15.88159795,-10.28041135,-29.83319416,3.116525292,-28.02737698,-6.202850484,-0.731317404,-9.481503735,5.787151454,-4.462850373,5.059162431,-13.52826109,-0.162519238,-4.417976941,-2.851257374,-11.29068028,Kalyani
varnam-kalyani-ata-swarakalpana-mdr-c06.mp3,0.240959311,0.11468257,1055.14526,1459.270951,1857.335625,0.044247123,-239.2360549,147.1513072,-2.177622373,27.74496436,-10.63850177,-12.19445007,-20.53854608,-14.13280633,-19.22005495,-11.47809599,-7.786385572,3.891625877,-5.586540191,4.651709366,-1.069828342,6.546925439,-4.761053183,1.408275503,-7.260677743,1.542290474,Kalyani
04a-kalyani-alapana-dkp-c04.mp3,0.24867188,0.093970187,1535.25414,2045.942594,3130.319106,0.048761812,-212.6319058,119.9551421,2.208653877,6.885896456,2.202881167,7.639031038,-25.8576173,3.04252394,-5.885797507,2.297829905,-10.58623463,5.759735519,-6.611052525,2.44365932,-9.097244317,2.356768194,-4.504901946,2.887661167,-6.568099,4.267520157,Kalyani
04c-biranabrova-kalyani-neraval-ssi-c07.mp3,0.291865066,0.057750616,1806.364243,1355.396653,2687.738671,0.137987204,-220.4357412,121.7120215,-86.47895243,-1.488020836,15.49415333,13.28271612,-13.4253586,10.78126914,-12.34761044,5.235917546,1.644851212,-2.03824337,-5.550930053,8.895599033,-5.92164984,7.082668135,-2.517639433,-1.602916458,-6.528563115,-0.067117621,Kalyani
04d-biranabrova-kalyani-swarakalpana-ssi-c07.mp3,0.285535626,0.05681571,1848.60621,1370.789144,2761.842634,0.146403609,-218.2887623,122.5417005,-82.99311622,12.62793683,22.42998018,8.64341996,-13.94297257,17.71348962,-8.469036669,5.152540204,-6.144023182,-8.554267256,-3.449589628,9.972972623,-4.131557015,12.3734078,-1.556117396,1.183862008,-3.584176985,-1.262476028,Kalyani
04a-kalyani-alapana-ssi-tisai1960.mp3,0.320524346,0.031811222,1561.021258,1848.163077,2928.603108,0.077521096,-251.9902028,133.5111475,-21.67531205,21.53230912,3.665160775,1.817896682,-10.22852427,8.765659889,-6.437693482,3.82362456,-9.638478377,4.412714461,-7.744274578,3.939168523,-1.081298257,13.53936258,-5.429275382,2.44608399,-6.748754715,-0.460841177,Kalyani
1raga-kalyani-arohanam_avarohanam.mp3,0.21598109,0.121698797,2454.414701,2234.080401,4744.25955,0.107789999,-207.5380578,47.83775218,-36.78858875,8.840794951,-30.53812394,-11.49489117,-15.27476045,-15.14669619,-20.06079334,-4.535015631,-21.66871551,-7.276049456,-17.14298877,0.548997804,-11.30793814,-8.430313269,7.655871346,1.997485727,-2.34986219,0.975985785,Kalyani
raga-kalyani-signature.mp3,0.226378561,0.087773092,2432.248189,2122.432906,4456.516968,0.118725742,-242.8345713,50.59728217,-37.11523965,30.78728899,-28.80308888,-20.35693964,-9.363960968,-19.91915137,-26.90567407,-7.593272293,-16.61821027,-8.886029496,-15.9988757,5.249107235,-6.570299924,-14.99270354,4.027632454,2.277043101,-8.256740625,2.235120098,Kalyani
raga-kalyani-carnatic-ganapathe.mp3,0.268469992,0.094216339,2370.469365,2065.429161,4357.08056,0.114664194,-193.5349752,62.34209795,-51.04302278,11.1417951,-37.3542997,-12.69011623,-18.42471925,-12.01360228,-19.75863052,-8.025361289,-22.74155649,-4.97736067,-17.20187485,-2.764766629,-4.994370972,-10.66607075,6.151743651,-2.851644047,-7.374125601,-2.076629077,Kalyani
varnam-kambodhi-sarasijanabha-ata-tala-tkrangachari-c01.mp3,0.305151503,0.073283456,786.5180727,1106.242724,1049.471832,0.046816905,-280.6061062,197.2457019,18.22742956,-9.850301281,-12.84730634,-0.878647661,-20.71614098,-4.379526107,-3.978282324,4.161519423,-6.571649171,-1.088357626,-9.146193119,-2.83343629,-4.882864515,1.9390874,-2.159595507,-0.355896445,-3.581262794,-0.720886826,Kambodhi
evarimaata.mp3,0.282623448,0.269768625,1998.299478,2145.56462,3914.256424,0.072549865,-132.4677589,63.55204003,-19.67885267,32.032344,-1.639541841,-9.824953327,-12.12379431,-1.24092091,-17.35561245,4.480138983,-5.909636571,-8.52222718,-2.984979434,3.134426211,-8.865771401,-1.361148298,-3.551430911,-1.087627228,-6.336298091,0.858825433,Kambodhi
05-kamalambikayai-kambodhi-dkj.mp3,0.339639471,0.052209288,1762.441569,1826.642474,3231.505165,0.091326164,-218.3856365,120.6311205,-41.64104523,12.07423037,-12.87629109,2.830660103,-20.5238549,7.013982827,-14.11949208,0.909453766,-14.24229144,3.363942906,-11.52402588,2.492381868,-12.15576875,0.740544846,-5.263270912,0.821177903,-7.538431212,-3.109638917,Kambodhi
orangashaayi.mp3,0.286727986,0.109919943,1569.229725,1422.88981,2815.175742,0.082124202,-216.6285457,132.0205336,-35.49902814,53.79596319,-22.61116512,-23.21646825,-12.54291586,7.719040143,-36.72030014,-7.544172708,-10.22039041,-13.74562054,6.435845709,-11.16378411,8.00001768,-6.580665635,-4.901943992,-5.659209072,1.104461418,-8.878419652,Kambodhi
rathnakanchuka.mp3,0.26885338,0.050903797,1522.102065,1348.320372,2687.401239,0.090982978,-285.7712384,121.174119,-38.81481373,31.68889504,0.28526378,-32.79983886,-18.72027523,11.19869935,-25.75499236,-2.074784497,5.597945845,-9.030431277,1.238776615,-8.034392614,5.371261973,-2.058029723,-2.35677042,6.375742611,6.801254209,1.933884438,Kambodhi
04a-kambodhi-alapana-dkp-c01.mp3,0.300633443,0.077835746,2097.012602,1740.393361,3629.756945,0.142043651,-181.2615059,94.60420953,-38.39442121,54.23483426,-36.35599229,-30.12424707,8.269427567,44.75300934,4.812974569,4.89770319,9.89781495,21.61510201,14.9326596,-3.432717909,-3.607736282,9.474302401,6.469484564,11.09875526,-8.16006485,4.425837548,Kambodhi
06b-maajanaki-kambodhi-neraval-ssi-lc01.mp3,0.295539551,0.11765343,1314.123237,1837.594486,2283.831769,0.055884257,-169.1982222,141.1263064,-2.284389151,10.59918743,13.5363627,20.0627128,-7.939107091,-22.02944309,-15.18907848,3.635086864,-14.2886137,-0.529914985,2.837705035,-6.710402342,-12.57014659,4.078725865,-5.558823336,-0.673251127,-3.50013629,-1.781759323,Kambodhi
09b-rtp-kambodhi-tanam-ssi-c04.mp3,0.28218758,0.110289879,1034.804608,1160.789294,1780.026052,0.061292758,-195.4444607,182.3065545,-38.25490696,11.0223412,9.090138915,-0.367297967,-4.6338997,-11.1291634,-11.02951733,1.877436942,0.322972325,-2.853570339,2.55894707,1.039721424,-2.385678834,4.287217346,3.38566193,1.096888849,-2.981186869,-2.43089985,Kambodhi
09d-rtp-kambodhi-pallavi-swarakalpana-ssi-tisai1960.mp3,0.286416285,0.024247697,2576.335978,2576.366718,5872.521909,0.228560967,-281.8536871,108.0155317,14.18207131,5.845549756,-14.03673831,33.36351992,-30.92417085,23.18826349,-6.362367094,5.334533123,2.644811839,-7.172276765,4.704649955,-6.440137955,-6.00020833,14.12710692,-7.085117943,15.46989849,-9.919639761,8.954849954,Kambodhi
10a-kambodhi-alapana-mdr-c06.mp3,0.235527548,0.141239569,1067.67684,1447.262187,1851.805479,0.045755609,-200.4261229,151.009294,-7.091923833,26.83701723,-11.20268671,-9.539523396,-24.47688201,-15.77895258,-30.44098592,-14.59766994,-6.320805297,5.850194192,-2.359268864,3.170546831,-2.855553658,6.431651498,-3.657951811,-2.833949386,-7.261967791,1.673565496,Kambodhi
1raga-kambhoji-arohanam_avarohanam.mp3,0.242902039,0.109000072,2587.672772,2244.920455,4914.488807,0.13489057,-224.2490547,52.76483679,-30.71494411,12.85465443,-24.02023624,-8.830175136,-12.41470947,-10.98189245,-11.44170486,-2.266270334,-13.14592764,-0.779807012,-12.83992003,2.728774763,-3.810625021,-8.763387934,5.836609367,-2.586752764,-4.490141868,2.694825381,Kambodhi
raga-kambhoji-signature.mp3,0.222855847,0.106626526,2516.394742,2160.178644,4677.954031,0.129234699,-212.6390966,52.63863118,-36.04801311,9.229599491,-35.51089818,-10.39656833,-13.78388307,-8.469718676,-21.45713284,-2.783565157,-12.69159533,0.097837881,-14.18038299,6.100890762,0.729281898,0.739547908,7.233800129,-5.864303702,-2.577010897,6.912471615,Kambodhi
raga-kambhoji-carnatic-sloka-agre_pashyami.mp3,0.213820005,0.07746347,2543.245414,2189.430151,4731.887019,0.128098021,-242.0744148,50.36301611,-33.37815479,9.596370572,-27.06815683,-13.55695863,-17.57248494,-7.885012612,-16.54537342,-6.826014327,-16.18564925,1.116360864,-12.59818195,7.751458383,-3.587291828,4.474756092,12.4642974,0.958519722,1.787609377,4.703732676,Kambodhi
chakkaniraja.mp3,0.302777706,0.030866319,1588.952486,1638.767523,2628.619218,0.087785771,-304.0128891,135.1315452,-37.49735009,28.16963405,8.981547125,-39.09673696,-16.13968858,7.538248421,-18.36714096,2.646773148,-3.231506307,-3.648106695,-1.401070263,8.294054283,-1.184654934,7.078785514,-3.463136088,15.07068359,0.642744473,9.679917888,Kharaharapriya
jaanakipate_khar.mp3,0.231298523,0.107741751,717.5851169,1053.425956,1198.454603,0.035115442,-275.546353,178.3625985,-4.21527551,12.65561888,4.057111726,-23.12911051,1.316149524,4.932714285,-18.65007043,-8.318335855,4.439672915,2.151939236,-5.24557113,6.026146582,8.735977099,-0.953502021,-1.88304174,2.00135488,4.498280698,4.580285164,Kharaharapriya
OkapariKokapari_Kharaharapriya.mp3,0.257197448,0.083412953,768.5406745,1157.915042,1429.458507,0.027448321,-294.2843787,168.9221879,-13.65877089,1.4193106,1.670143348,-22.68268364,-2.604793679,-8.026618418,-26.65547018,-0.922392457,3.80385689,-6.423860961,-8.441278661,4.412560174,5.035216307,-1.633254886,-2.165600137,5.008520673,6.423055501,3.314433174,Kharaharapriya
10_paramukham_kharaharapriya.mp3,0.297435839,0.04771341,1623.883369,1868.756156,3552.15368,0.06321471,-279.3140426,119.0171203,-18.48167296,39.36262894,-19.60651258,3.924117432,-16.06226623,-1.227531972,-8.499031178,-3.160824461,-11.07882606,2.144763259,-5.092638956,-3.993195663,-0.238827314,-2.843817725,-2.854450594,-0.720618407,-6.60640941,0.054151052,Kharaharapriya
08b-prakallanilabadi-kharaharapriya-krithi-ssi-c05.mp3,0.30672757,0.196122959,1120.550987,1397.624093,1892.366135,0.05772941,-116.6222863,164.1835124,-22.74494928,8.520858768,-1.781384998,-0.105874969,-24.58496136,-2.521266405,-15.45576577,3.433149141,-12.44476487,-6.91920707,-5.518504426,0.415959972,-8.596663723,2.71592267,-6.501982032,1.008936551,-2.705680101,-0.66374241,Kharaharapriya
06b_ramaneesamana_kharaharapriya_krithi-ssi-c03.mp3,0.274477273,0.077270985,989.5754524,1581.380906,1803.402637,0.036397216,-247.4355957,148.4189919,9.168453289,33.4882089,13.09216742,20.55831666,-0.913533483,-24.26265239,-13.79328008,13.95150774,-15.52255553,-1.885710524,2.931904544,1.0983392,-9.504041121,5.527417972,-8.327179867,-3.071354618,0.518817966,5.772059711,Kharaharapriya
06a_kharaharapriya_alapana-ssi-c03.mp3,0.250130035,0.054411344,1222.64159,1797.803857,2531.907267,0.046104746,-265.9636133,132.0727134,3.815728545,31.83699357,8.972074765,14.12339799,0.049853524,-15.78472485,-7.855325133,16.88002647,-15.25654991,-4.364315724,2.292054117,2.780055465,-9.509750012,5.539044825,-4.061735291,4.971490265,5.610377821,8.737829855,Kharaharapriya
06d-ramaneesamana-kharaharapriya-swarakalpana-ssi-c16.mp3,0.377888145,0.045235671,666.5961847,1010.665402,1227.386329,0.029807544,-344.9538773,179.5679155,4.646840292,44.43138368,24.74392894,-2.158572683,10.13151542,2.391943428,-5.692655431,2.177295799,-0.29405058,-5.551403654,4.280774479,4.329530605,-0.480545643,0.10844365,-1.381755163,0.05585663,0.616787102,-0.609867269,Kharaharapriya
08a-kharaharapriya-alapana-ssi-c11.mp3,0.252673732,0.163210168,1132.740561,1084.106828,1834.496433,0.067901983,-167.5404671,171.8306177,-49.75781583,-1.312839212,-9.399637507,-6.775832346,-10.42824831,-12.54692553,-11.68278307,-10.43241278,1.757689877,-0.998897519,-1.743905135,-4.157455248,0.151963318,7.763846506,5.00119592,-0.17981476,-3.420429739,-5.917778041,Kharaharapriya
09a-kharaharapriya-alapana-dkp-c06.mp3,0.295508439,0.136140615,1520.930407,1557.252801,2752.950658,0.082921095,-124.4629576,138.3124387,-50.15118723,31.04688275,12.34012947,-2.64310085,-8.944639999,13.62105769,-9.224600617,12.72386737,-8.279830297,-0.939275103,0.72301029,-1.691682049,-10.02080624,1.973541963,-6.191941995,6.437582459,-9.884698152,-0.173658012,Kharaharapriya
1raga-karaharapriya-arohanam_avarohanam.mp3,0.248642731,0.093697637,2603.562423,2246.939344,4967.973975,0.137103215,-235.785127,49.7781595,-29.19103351,12.74174562,-27.77308877,-8.474721907,-12.2747901,-9.773368695,-12.47263986,1.928824013,-12.50460129,-3.396642641,-10.00564948,1.014573333,-3.233316978,-8.655381839,5.816703553,-1.585448964,-5.309828883,1.424651349,Kharaharapriya
raga-karaharapriya-signature.mp3,0.229318841,0.119836099,2275.362131,2110.51113,4310.671071,0.104789464,-198.6201364,63.63390319,-41.12238412,11.275968,-26.20544116,-13.14479289,-20.29968456,-8.212644179,-10.4655652,1.559592161,-13.34117226,-4.977585275,-8.264179175,6.312010572,-5.032963762,-5.680217273,7.394960415,1.560843103,-4.325230557,-0.20953475,Kharaharapriya
raga-karaharapriya-carnatic-saraswathy_annaiye.mp3,0.254410395,0.065037109,2299.369513,2079.107007,4214.527756,0.106007758,-231.4493977,72.80287804,-35.65111586,31.97477733,-19.58625948,-27.12855483,-14.26976557,-10.82073596,-12.47789587,-4.836274911,-13.95939095,3.472004297,-15.93534483,2.397910711,0.413896899,-13.56749652,4.935756523,-6.913817883,-13.23341344,-4.259609661,Kharaharapriya
21c_FILLER_chakkaniraja_kharaharapriya-neraval-ssi-c12.mp3,0.261849843,0.0794058,815.7916285,986.006078,1306.108121,0.048771164,-293.395058,184.4957385,1.254736923,-3.305654567,10.96681582,-12.37732075,-11.50569727,-8.332945964,-12.71467289,-9.738630355,-7.629156569,-5.725057466,-2.655374731,-3.214633948,-3.215889613,-1.160014793,-0.01895818,-0.053379592,-0.406416078,0.188464618,Madhyamavathi
alakalladaga-class.mp3,0.268812844,0.080415256,1276.430851,1216.283253,2538.062289,0.0646617,-235.8110229,147.6521975,-51.25518291,33.54664575,-17.94137227,-25.34288554,-22.2918779,-34.55177935,-23.53578914,-30.23194832,-12.71944625,-19.29413768,-10.51554768,-4.154948493,-15.11084983,-1.123894842,-8.41715039,-8.454763048,-8.351328613,-7.36627347,Madhyamavathi
DharmasamvardhaniMadhyamavathi_RK.mp3,0.244787494,0.052171376,896.4016037,1187.605055,1406.575573,0.044034297,-325.6087088,153.4667459,9.261079305,10.82618432,-5.581482516,-8.878799313,-15.12440083,-17.78873572,-21.96168303,-2.209664998,-5.887034248,-1.117793163,-3.930510047,-4.791890559,11.6438746,-5.77247209,-0.444906259,7.51331173,6.396871745,-4.852503562,Madhyamavathi
10-Karpagame-VijaySiva.mp3,0.318424628,0.155510917,1649.762541,1634.800936,3066.738043,0.086696986,-110.3891832,130.7566365,-51.60011664,22.78506657,-11.36821444,-14.146183,-14.95028871,-12.14220778,-21.97573219,-4.36023123,-14.2303935,-3.175296351,-7.873513928,-3.460002409,-7.835858997,-3.531227103,-10.41967376,5.670191467,-3.653086466,-2.88396765,Madhyamavathi
naadupai.mp3,0.269715758,0.148052186,1565.397419,1534.173383,3006.406332,0.07029493,-158.1681206,134.1092615,-51.42397999,57.17700054,-25.00567347,7.438979032,-21.1411726,2.051900227,-25.20415528,-5.16797964,-7.927776669,-11.12510501,4.592078297,-10.20308741,8.503729108,-8.149987336,1.749472483,-4.991524964,3.831210424,-6.195681711,Madhyamavathi
palinchu-kamakshi-class.mp3,0.389086028,0.041396979,2325.188103,2246.707255,4372.539975,0.134290096,-216.1637764,84.86742969,-36.06009011,1.936270815,6.647695875,5.072263439,-16.11349063,-8.848534944,-15.97131435,3.210411113,-0.733171104,9.038497339,-1.527145951,13.22830939,5.636378021,13.06619572,-1.268433563,-1.095856296,-3.576479628,3.683368696,Madhyamavathi
ramakathasudha-class.mp3,0.372999784,0.111283295,1470.192607,1090.327136,2483.660644,0.101093489,-186.2476286,137.4051325,-102.3487504,-13.73729474,-50.06444847,-18.24112483,1.199397582,-30.35359891,-9.49307051,-16.26931044,-8.156849644,-14.1036986,-19.00106901,-2.396810325,-6.191665541,-7.618407064,-15.53479035,-11.86431179,-10.79079576,-16.96873186,Madhyamavathi
06a-madhyamavathi-alapana-gnb-nanja.mp3,0.253103769,0.134403765,688.6391684,1524.04805,606.8101632,0.023222974,-287.0368147,147.7618384,68.92247722,40.27583486,1.003729504,6.975878392,0.994794404,7.921386786,-8.045824453,0.107016677,-4.734962407,4.318916708,-5.473849726,2.138132103,-2.486327358,6.831708295,-3.475441947,0.975199282,-5.412877409,5.591229187,Madhyamavathi
11d-rtp-madhyamavathi-pallavi-swarakalpana-meenakshimaamadurai-dkp-c04.mp3,0.29575018,0.167676151,1645.641473,1942.700234,3308.296091,0.078726921,-150.555578,113.1231315,4.615991768,46.12975118,1.642939544,-27.93720107,-25.28748519,21.75773007,-7.338931935,-10.30488883,-19.61242004,-8.160345987,-5.294055796,12.51311531,-11.22023991,-7.380738128,-5.586668669,3.511015394,-3.005929285,1.571059373,Madhyamavathi
06d-adikisukhamu-madhyamavathi-swarakalpana.mp3,0.218514153,0.1382851,956.5546681,1354.867109,1441.212411,0.047781565,-241.7079395,157.4642594,19.26273083,10.09614817,-36.03474477,-21.67040795,6.037219912,-23.05499175,-33.0640967,1.205365015,-4.146720769,-15.27398339,-14.17642025,12.03677362,8.747732321,-6.368576737,0.864831556,14.18509011,2.538647803,-1.388004692,Madhyamavathi
06a-madhyamavathi-alapana-dkp-c03.mp3,0.191459575,0.122110732,1007.308185,1416.234834,1679.089944,0.045749658,-257.7507502,140.3684986,10.98108031,33.93219404,-26.43491586,-52.14623985,-6.935677485,8.179922317,-22.43340821,-16.58944282,-14.0766283,5.996364077,-3.570189087,-5.561030249,-0.583858715,6.930667794,4.978354428,4.53056773,-6.038267522,7.239632883,Madhyamavathi
1raga-madhyamavati-arohanam_avarohanam.mp3,0.218734338,0.102287948,2547.191678,2259.365874,4860.082426,0.121588212,-255.7362581,44.4013885,-26.02873815,15.56091867,-24.23869865,-12.08345602,-12.88849593,-12.97527848,-23.2377693,-4.746796113,-17.71258182,-5.398769615,-13.86148774,0.47847552,-3.506254536,-6.876693547,7.634578892,0.755977975,-5.714586315,-0.68521484,Madhyamavathi
raga-madhyamavati-signature.mp3,0.223096228,0.114188612,2252.964955,2086.929101,4139.905146,0.101054665,-211.0082992,57.51435787,-33.67503933,22.41795184,-27.36199303,-21.461255,-20.28771302,-12.39194959,-30.65909287,-12.06228498,-19.53058609,-4.656794017,-19.94117284,-3.035467153,-4.732069353,-3.604465281,7.750858416,4.109509121,-6.42080677,-4.356288653,Madhyamavathi
raga-madhyamavati-carnatic-karpagame.mp3,0.2556047,0.097315386,1931.880963,1963.073575,3703.8984,0.072088506,-203.918835,88.57368307,-44.1872872,16.78286025,-24.43498317,-22.44429878,-16.63989513,-15.50243188,-19.14242076,-6.127845572,-17.43187565,-1.21332334,-16.61010709,-2.501254695,-3.388418668,-15.84570681,-0.244390108,-6.978486673,-12.0717323,-9.801265367,Madhyamavathi
devadeva.mp3,0.267077878,0.396443278,1925.082153,2009.194321,3555.165579,0.08402745,-60.89582659,95.62272235,-19.40180003,38.56353204,13.45724982,-29.97520701,-20.4251658,-2.479982758,-19.59050461,-1.801980269,-7.938768975,-5.620775445,-7.541297306,-3.84035698,-7.565715198,-4.187885749,-12.73517541,0.228172131,-5.664350668,-2.118245922,Mayamalavagowla
ksheerasagara-maya.mp3,0.272167507,0.121549532,1584.466079,1682.211476,3011.53031,0.06808647,-182.0636591,110.4727545,-44.51303321,35.57245464,-11.45253669,-7.475421982,-19.32708167,4.284383086,-13.88785705,2.575015817,-6.154436363,-3.236068906,-7.168788731,-0.21068104,-7.771970635,-7.798917695,-8.045075569,-1.675296297,-9.938512301,-0.757675968,Mayamalavagowla
merusamana.mp3,0.250019211,0.515468657,1561.651388,1895.964256,2946.03088,0.0551038,-53.72770232,114.2362493,-12.73880226,28.9452217,6.669524808,-15.00360683,-11.96705723,-4.933675133,-16.69167758,-5.213202757,-5.788915207,-3.161000132,-0.353648269,1.405883178,-6.318536028,-2.588858824,-5.175589065,6.311502111,-2.10964992,-0.696323137,Mayamalavagowla
003a-srinadadi-mayamalavagowla-krithi-dkp.mp3,0.268153185,0.229716495,959.3010967,1253.681168,1644.459354,0.048412675,-142.520649,178.4858059,-18.03111773,13.37334521,-0.489052668,3.145652616,-9.986370255,-2.482092911,-4.066683549,-5.286664887,-13.25868829,-4.018344093,-5.438569684,-3.029601841,-5.869524429,-3.037772073,-5.863031526,-4.627903899,-6.693586057,-3.71942608,Mayamalavagowla
tulasidalamulache-detailed.mp3,0.345327808,0.039647646,2365.126399,2005.677367,4056.909208,0.14376553,-236.3729177,92.67820996,-38.63390332,34.80157463,0.605985773,-1.015616202,-30.43917378,-12.82151625,-14.96706201,2.037604164,-17.45290788,11.33602161,0.519576063,10.78916075,0.071948639,10.16200676,-3.805120371,4.108177953,-9.14245008,11.97909104,Mayamalavagowla
02a-vidulaku-mayamalagowla-krithi-mss-misc02.mp3,0.289344242,0.027728479,984.4768095,1149.535076,1848.937301,0.055431399,-355.7420054,175.101843,-32.73849626,33.8698848,10.07413296,2.996254793,-4.93595569,-5.333675665,1.416446828,0.856854307,-1.871108265,1.513211917,-0.462923092,4.445963073,-2.043014731,-6.347891689,2.98301368,-2.448724338,-6.094003481,-2.499086486,Mayamalavagowla
03a-mayamalavagowla-alapana-mdr-c04.mp3,0.281441563,0.043442961,1060.972205,1712.170338,2153.320313,0.026450504,-320.5634154,138.771947,4.956724297,27.83244466,10.17564045,8.437524145,-5.934253039,7.378427246,-13.50411211,1.163985281,-7.281584492,5.493132981,-10.61929325,2.541190989,-6.828201405,5.904031765,0.629178174,5.867612771,-3.335442266,-2.214829637,Mayamalavagowla
02c-devadeva-mayamalavagowla-swarakalpana-ssi-c04.mp3,0.370804988,0.205302283,834.5538951,1056.810386,1433.432714,0.049869867,-158.047615,203.4810832,-15.93699244,-0.612593427,14.29208648,-0.990681888,-8.525470878,-6.576895872,-5.116715492,4.625645443,3.270262503,3.591884212,2.311280342,3.685330996,-2.130110479,2.527606169,-1.19129283,-2.36119527,-2.470161241,0.679267321,Mayamalavagowla
02b-devadeva-mayamalavagowla-neraval-ssi-c04.mp3,0.366224071,0.201683879,910.134617,1063.849213,1601.88035,0.056832764,-146.4861893,201.5426033,-28.4804213,2.931988828,18.29694155,-5.281441194,-9.476518091,-4.765071026,-6.97434349,7.274251628,7.872525606,0.796506862,0.074295853,5.580093188,-3.36701173,1.515612023,-0.435054015,-1.576176992,-1.875972816,0.845219723,Mayamalavagowla
devadeva-mayamalavagowla-neraval-ssi-c11.mp3,0.311368218,0.074409895,1300.337961,1163.592217,2142.197532,0.085444118,-212.2097059,169.9125559,-59.87532766,-6.091327883,1.85512589,-11.98627492,-15.63669935,6.78551229,-15.5412013,0.211995082,-5.307698428,-4.903499942,-6.337601712,1.279704591,-0.52982642,6.460271797,4.001059754,-3.846142555,2.050536598,-7.15634779,Mayamalavagowla
1raga-mayamalavagowlai-arohanam_avarohanam.mp3,0.228699798,0.114575863,2491.489788,2185.197276,4804.941198,0.124019579,-232.6720028,46.10127109,-34.77082168,12.44471034,-30.90929816,-8.80879998,-17.32521546,-13.77701419,-19.64863079,-6.755303151,-18.43981552,-5.708540922,-12.52572462,-0.129924231,-4.42799032,-7.221841872,8.032428719,-0.049710147,-5.720030519,-3.321518722,Mayamalavagowla
raga-mayamalavagowlai-signature.mp3,0.228400382,0.104955435,2252.198514,2073.507733,4197.96856,0.10842961,-230.8172283,53.38272703,-44.56380374,5.04643271,-35.60106408,-14.06762127,-9.716109662,-19.21212003,-27.22092759,-10.0071066,-22.89985142,-5.347447647,-16.76064344,-0.656662988,-2.820096785,-2.080194147,10.59269164,1.831957354,-3.421909738,-1.431139556,Mayamalavagowla
raga-mayamalavagowlai-Cin-poongathave.mp3,0.27464509,0.329188675,1157.542441,1331.594827,2232.065119,0.046012386,-137.4454503,150.0654377,-36.25674414,40.21674467,-11.27377167,4.05293605,-13.7171883,1.801896888,-22.74350949,-8.655263109,-6.373417983,-14.35454874,4.202950655,-21.16885457,6.555585265,-3.733095263,-12.5735643,0.169673609,-4.044563224,-10.21576219,Mayamalavagowla
ninnukori_mohanam_adi_varnam.mp3,0.318678354,0.096506163,761.7665856,1347.506817,1001.281448,0.035314665,-279.6587425,178.0474955,34.34584425,20.02400696,19.44370192,-22.78802923,-8.744019758,-5.245659438,5.173941475,13.74390144,-19.7182336,-3.072158421,-6.192909933,-4.173409114,1.271256098,-6.05512964,-6.185190472,-2.56384682,-7.469759994,-1.66933255,Mohanam
kapali.mp3,0.270372829,0.393112183,1913.397165,1945.453308,3434.320943,0.091363005,-64.18658522,96.67228537,-16.78333378,48.77664134,11.98908031,-37.09046637,-17.79932088,3.324850025,-21.71055391,-2.824332357,0.544716622,-11.94588353,-9.47275044,1.508646436,-7.739504676,-5.455379087,-13.554079,0.546945366,-4.92982314,-1.130822222,Mohanam
RamaNinnuMohanam_RK.mp3,0.276085212,0.115101852,945.791482,1079.023773,1683.039155,0.040113311,-240.7905943,160.0223715,-48.570039,-25.04550384,2.180916867,-22.56782762,-10.74717714,-1.380035664,-10.40339458,-2.588286307,1.375032536,4.974616287,5.395032364,6.362847948,4.238538944,3.360001011,5.424331966,1.057685469,-2.70742577,0.760924597,Mohanam
04a-mohanam-alapana-dkp-c07.mp3,0.238164391,0.050687086,1395.984254,1904.57747,2637.192508,0.056644026,-275.7504128,126.3607509,0.282866816,-1.994819095,14.88044956,18.08491328,-27.88613509,-13.6702546,1.118995025,7.9292344,-9.235816487,8.374433727,5.735003257,5.494454925,-4.292393795,6.643562147,-0.947847113,6.358470792,-0.365557335,1.493261112,Mohanam
04c-mohanarama-mohanam-swarakalpana-dkp-c07.mp3,0.287051936,0.050879158,1406.386536,1854.568021,2516.735294,0.058186518,-258.5118395,137.1978324,-8.364703257,-9.002267452,1.698521371,7.516556723,-22.94192301,0.786243428,2.415954613,8.36445673,-10.48892481,2.797027998,-2.662328194,9.180283558,-0.188964759,9.847604264,-0.213417989,8.011194778,-1.48287558,6.042142977,Mohanam
06a-mohanam-alapana-mdr-c06.mp3,0.221326944,0.130137458,1449.858265,1559.940518,2961.696504,0.064072532,-162.3323358,137.6443108,-39.32858839,45.00240329,-15.24904991,-17.27038457,-18.85758505,-11.37783618,-18.73945091,-12.28175794,-10.11862658,11.16427003,-1.725134999,5.551923438,-3.18602073,5.636236629,-4.759519755,0.905363084,-9.028613634,1.202186548,Mohanam
06c-nannupalimpa-mohanam-neraval-mdr-c06.mp3,0.236530764,0.173858419,961.7067191,1388.25546,1533.487748,0.041089873,-199.3337828,153.8914491,3.793955096,29.92283644,-9.906188889,-6.662017499,-20.80688497,-15.89797192,-26.23078358,-17.10918607,-8.925771074,2.365748882,-2.471296364,5.543313494,-4.552182361,0.228518218,-5.295666548,1.310829304,-5.966318443,0.845766854,Mohanam
04a-sriramaramani-mohanam-alapana-gnb-c02.mp3,0.315537195,0.082893908,1932.42856,1545.158953,3284.169655,0.126950858,-165.1175178,111.1157116,-80.25346392,23.32743009,-10.04918378,-7.225668143,-2.065584132,-0.477016422,-12.16370577,4.08397024,0.45936115,8.954889746,-7.266530483,1.18538586,2.763550375,1.562739092,-6.858477696,2.140518483,-5.183633804,1.789055629,Mohanam
14c-FILLER-paripahimam-mohanam-swarakalpana-dkp-c03.mp3,0.289236343,0.24621053,1006.099423,1257.275913,1708.084158,0.057030003,-135.7943299,171.3290692,-15.74865527,10.79051736,-1.196405677,5.70625362,-11.69544092,2.324981757,-2.117565871,-7.809136813,-6.600717099,-5.607068459,-6.983843651,-6.211539593,-8.415428207,-1.142216047,-0.933025782,-3.362999219,-5.354916086,-1.871567173,Mohanam
04c-sriramaramani-mohanam-neraval-gnb-c02.mp3,0.384784406,0.055109326,2111.872063,1530.321366,3436.464266,0.165571269,-183.3862828,106.3855916,-84.40504747,39.9635384,-8.460146889,-4.0496867,-2.143406959,2.228383892,-10.88989524,4.470614542,-3.669515674,5.358858759,-6.394570758,5.904414979,-1.503436035,2.840952146,-2.89154027,6.888899948,-3.837126374,3.540392297,Mohanam
1raga-mohanam-arohanam_avarohanam.mp3,0.238424139,0.099243268,2601.062276,2280.838427,5128.457441,0.130216966,-241.6567581,55.1612644,-26.4634395,16.09335566,-19.604887,2.55056856,-10.90997669,-1.9738778,-6.125947771,7.100517628,-7.428486916,-0.360456733,-10.13268905,5.957655431,-1.913503307,-9.042318415,7.747445842,0.733761461,-0.601136373,3.055626286,Mohanam
raga-mohanam-signature.mp3,0.210404343,0.078268997,1942.190295,2128.176436,3901.115296,0.071049598,-254.6482432,91.30858176,-21.12128883,14.84697594,-11.29640831,-5.711043893,-2.661532461,-1.866224193,-10.09594894,0.486721467,-8.766057266,5.015114188,-7.649638021,4.585506538,-0.491735593,-7.617929114,7.173472364,1.704799602,-1.922450088,-2.649621586,Mohanam
raga-mohanam-carnatic-rama_ninnu.mp3,0.266009238,0.073160172,2226.911753,2080.599982,4174.791935,0.105128115,-206.8825306,82.012401,-38.73291529,13.75978852,-24.23891253,-1.512280258,-2.063655847,-4.819250635,-7.07686336,11.61282238,-10.69760136,2.389501496,-13.46773362,3.341057123,2.675950396,-11.17112804,2.652103719,-0.892960542,-7.175583735,-0.765986748,Mohanam
brahmakadigina.mp3,0.25983325,0.171703354,976.1940929,1002.133162,1544.635523,0.065787326,-185.0670629,181.0737479,-38.42424239,-32.81037879,-8.633137211,-17.04546643,-15.26783274,0.310581932,-11.06644147,-6.801164218,0.339418477,15.44281263,18.0663253,5.98567876,2.682718542,-3.517672294,-0.927384141,1.183926489,-1.241668417,-3.140202966,Mukhari
emanine.mp3,0.230219889,0.465323448,1599.13069,1887.798587,2997.5456,0.058582981,-73.62970973,111.0220656,-7.828181112,35.38176528,3.543644064,-23.68102274,-9.405968928,0.542096602,-23.58440881,-6.360536744,-6.721416549,-6.56926567,-2.504585982,0.815113175,-6.516890767,1.378776618,-6.898997246,4.748320032,-1.616316303,-1.187484743,Mukhari
EntaniNeMukhari-R.mp3,0.316637034,0.061758313,869.3156211,1328.49303,1790.105291,0.010414872,-321.0408168,160.9173103,-34.61909047,6.125437565,5.653539484,-14.6734266,-8.096876444,9.666934942,-14.68259082,1.68927691,-3.423496588,1.939241127,3.607615625,17.40680746,10.86670721,-0.549355448,-8.583673752,3.799976018,3.996714552,-3.748431902,Mukhari
karubaru.mp3,0.233297282,0.107824132,1194.416551,1196.44314,2112.39098,0.061981679,-232.9431828,161.7027689,-31.59617647,20.82916947,-33.31439326,-6.916632634,-7.963322388,-5.942806371,-22.71380806,2.479209873,4.708177445,-20.01672672,9.96333662,-6.405834287,-6.565950425,-3.792317859,-7.242164043,1.444948777,-1.841811927,-0.152958309,Mukhari
ksheenamai.mp3,0.215299465,0.123374879,1865.3011,1700.266261,3518.472901,0.076135884,-201.399775,93.74619212,-50.64456547,66.08013061,-26.93073237,3.638340974,-24.77963994,9.394131592,-22.34920882,-5.417053017,-3.770282985,-16.79721058,-0.728940356,-14.95332164,-0.506861362,-11.38842883,3.207476335,-11.11815515,-3.202923006,-5.039415731,Mukhari
03b-entaninne-mukhari-neraval-mdr-c01.mp3,0.236819991,0.219122157,516.8707161,799.0536886,674.5403978,0.034993301,-270.7280187,195.5601104,60.98952422,0.747055006,-0.062416827,3.330465254,-4.970124232,-9.051313322,-5.787587401,-5.751067042,-8.962120696,-8.158814763,-4.876268931,-1.740845709,0.83395137,2.210452134,-1.960946265,-7.807383999,-9.503999175,-6.837493637,Mukhari
03c-saraseeruhanana-mukhari-swarakalpana-alathur-c02.mp3,0.294428549,0.102632344,1459.260563,1452.488928,2367.908742,0.088152194,-205.2599788,139.3204002,-56.41872372,-23.70901696,-14.90514449,-29.78194854,-2.369775287,12.73258908,-11.75273581,-4.908098302,-4.683666504,4.526650548,6.484426192,3.690355356,3.702834784,14.10083413,2.413895353,5.792334493,6.630992369,4.638795618,Mukhari
17b-FILLER-enthaninne-mukhari-swarakalpana-ssi-c18.mp3,0.250897079,0.166392893,696.7680782,812.4313392,1162.13685,0.042168173,-237.4015885,207.3119504,-7.190805965,-0.907806636,20.46243968,-1.185788354,-5.882722201,1.87098086,-2.250084439,-5.856703097,-0.967297457,-4.753319501,-5.960077579,-0.609775428,-2.242583345,-2.471588291,2.663641779,2.565849136,-1.26426397,-0.244490121,Mukhari
06b-ksheenamai-mukhari-neraval-ssi-tisai1960.mp3,0.298052593,0.025778595,1530.12213,2021.596029,2855.530189,0.069240718,-285.6526306,135.5613237,-0.780112825,4.995489079,2.439279058,10.49816317,-15.58753278,5.928314816,-5.145858751,5.378761623,-7.035716432,8.934065833,-6.909429734,3.064114625,-7.610452851,8.595994819,-4.888640838,4.337914048,-5.934385029,6.305308526,Mukhari
11a_mukhari_alapana-ssi-c03.mp3,0.221658188,0.083681323,1004.175283,1570.275586,1819.918092,0.042028745,-257.127502,147.033976,5.463676735,23.20462339,33.88637063,17.11094149,-29.30509485,-16.82476528,-1.985333102,4.723805375,-12.18860228,10.20408228,-0.212367999,-9.689361152,-8.068123647,6.486876782,-6.453965388,10.87252529,8.863411568,4.308211619,Mukhari
1raga-mukhari-arohanam_avarohanam.mp3,0.251091404,0.10783013,2494.081988,2327.569242,4937.163361,0.122102689,-243.813704,52.92744954,-27.45167718,3.703686884,-17.26764581,-11.88229515,-18.614703,-12.64873026,-16.81236986,-0.658312288,-15.74543869,-5.946024295,-18.90860449,-0.966137799,-6.392574528,-7.743174233,4.330730156,1.06188713,-6.691955744,-0.993314747,Mukhari
raga-mukhari-signature.mp3,0.235483912,0.127910212,2354.868504,2144.309976,4302.528945,0.119449237,-187.7836486,58.46707921,-40.99620169,11.06033888,-21.53334428,-26.02566319,-25.77478993,-11.99542242,-20.15731207,-9.675618565,-17.67509418,-3.83941342,-21.08287424,0.952789803,-3.083368431,1.127236242,12.14618721,6.390518134,-6.629631687,-2.675783692,Mukhari
raga-mukhari-carnatic-sivakamasundari.mp3,0.232366817,0.129571125,2253.330859,2138.795689,4311.495906,0.096347271,-178.054149,65.59176805,-39.24889407,15.45840392,-22.54138765,-15.53356929,-24.02470227,-16.11204959,-20.04775039,-5.896705633,-18.01804071,-7.116882498,-25.83454159,2.535227222,-4.893657625,-12.45610956,4.228429191,-4.427781378,-13.71561803,-5.008511784,Mukhari
Budhamashrayaami-R.mp3,0.298359139,0.13700676,1127.375459,1144.697108,1970.163111,0.071582938,-184.7382274,171.9624719,-56.91672991,-16.99394188,-3.656870911,-24.96264905,-14.96597302,3.366647017,-7.799937041,7.261034954,-0.795636666,-0.590062419,4.997071218,7.990852843,3.428746433,-3.081291866,1.967205527,-2.080948299,-4.259761293,-4.273167187,Natakurunji
14-bhavayami-saveri+ragamalika-krithi-ssi-c16.mp3,0.312429759,0.038105395,776.5049305,920.0792961,1348.980816,0.04439987,-343.000266,210.5337818,-25.50008662,19.12852467,12.47056244,-11.4504139,8.205015593,-1.735458319,-14.58719726,-1.015450622,-1.206791993,-7.851000234,-1.916156095,-0.549783693,-4.706926593,-3.439488269,-2.859857731,-5.212266268,-1.766643515,0.192030747,Natakurunji
Mayamma-CVShankar.mp3,0.323748434,0.475512683,1174.436378,1343.491831,2027.407938,0.0629163,-17.3315285,177.3824576,-33.49216106,5.712733653,-6.768195122,8.452856429,-21.7923167,-4.896245998,-13.60334898,-7.605430308,-9.942774497,-3.086009083,1.189111599,-1.464180695,0.463359628,-3.14901293,-1.121619884,-6.958149722,-0.25907035,-3.025284743,Natakurunji
apparamabhakthi.mp3,0.267440363,0.17661266,1461.020424,1394.541324,2836.415253,0.064830034,-173.1746983,139.1436279,-40.37386789,50.62030629,-20.97949683,-10.57002449,-10.72972263,7.019986488,-20.41705911,1.823913512,9.592479006,-12.21684494,3.689377341,-5.349779277,1.132601346,-6.012758159,-0.244519571,-4.872153439,-1.523466728,-0.248968052,Natakurunji
ninnenera-detailed.mp3,0.30289331,0.115444824,1515.187796,1644.33801,2980.980156,0.078234105,-166.6582803,138.5662029,-20.70047225,27.03686626,-4.656034343,-33.82709522,-16.12804724,5.069745573,-6.11144164,-7.09508176,-19.56531527,8.89216047,2.847808897,8.627330564,3.547777434,-12.12448215,-9.279137233,9.490027763,8.75149534,9.134514967,Natakurunji
ramanatham.mp3,0.287455666,0.055400226,1551.371572,1312.654209,2904.514164,0.089914314,-289.008942,126.5947166,-47.1978076,35.78547015,-8.085648942,-33.76594295,3.556348324,10.52749071,-24.53151582,4.647301465,12.17918544,-16.58333079,3.911218867,-3.155646635,-1.240721938,1.149733419,-7.529334186,2.330575412,2.383992688,-3.199727385,Natakurunji
sarasaksha.mp3,0.285560093,0.385248154,2010.70913,2046.462153,3677.197478,0.099460879,-67.77945149,94.19052764,-19.28514849,26.44082402,-0.206975505,-28.84336769,-14.24373772,-1.592290995,-15.06791557,2.474047914,-5.68004041,-6.823235013,-6.713368899,-2.968945524,-9.602339011,-3.462938077,-9.856744323,5.789343019,-6.230096623,-0.52187398,Natakurunji
sivasivasiva.mp3,0.256095305,0.620396137,2251.183402,2162.355428,4321.556399,0.090377374,2.445416692,76.1893138,-19.77229202,29.48379391,-2.091675383,-14.44716272,-13.0965248,-6.07884084,-16.29596787,1.818528411,-3.025787267,-5.359419811,-1.24299226,1.634893833,-5.744073565,-5.284764724,-4.586805428,3.880295747,-2.750609232,-1.632412557,Natakurunji
Vadera_Deivamu.wma,0.290716884,0.158586264,478.414453,433.8100519,669.5164004,0.038567134,-292.1039579,230.7673956,62.45825405,-6.615708328,-5.187807094,-4.640637244,-7.911943236,-11.03162535,-13.12406924,-7.301124092,-0.627088171,-1.573638275,-5.445912335,-6.297403522,-4.174969546,-2.182028994,-2.018109348,-2.394778129,-2.105755449,-1.732856002,Natakurunji
1raga-nattai_kurinji-arohanam_avarohanam.mp3,0.240644355,0.092289701,2557.124094,2284.524257,4971.904705,0.124797632,-239.6709854,53.98608121,-23.36692089,17.07575744,-18.34742876,-8.889338146,-12.68236255,-8.544629364,-10.93622371,6.789780796,-8.924617304,1.797261505,-9.30928046,6.060999787,-3.570415173,-8.852815635,5.812438261,-1.774501659,-1.324424155,7.185565034,Natakurunji
raga-nattai_kurinji-signature.mp3,0.234654811,0.080676965,2058.20351,2118.776675,3953.96725,0.091868573,-245.627353,81.63341114,-20.73688956,26.38354593,-11.46631215,-15.24337081,-11.18461395,-6.504122151,-12.92730715,-0.358783218,-8.807078308,1.156889596,-13.16060442,8.094324253,4.068548151,-2.074371734,7.168009365,1.786511293,-5.231435196,0.338356469,Natakurunji
raga-nattai_kurinji-carnatic-maha_ganapathim.mp3,0.259506789,0.08877036,2083.287206,2065.896767,4030.658196,0.085734876,-210.4036134,86.23482078,-32.23602012,16.61650934,-21.00092664,-10.88697625,-11.52492154,-4.450969718,-8.852998852,2.611900797,-10.23923132,2.529014898,-10.90172114,4.225997389,0.407653686,-8.738888045,6.999111449,-2.699219698,-3.321040348,-1.419809784,Natakurunji
03b-needukoni-natakuranji-swarakalpana-mdr-c05.mp3,0.31547448,0.186683834,987.0035212,1084.419683,1746.845173,0.057616054,-159.9141685,194.4502452,-38.0888066,1.482449903,9.135842351,-13.3894494,-1.010157956,2.76247247,-1.420007429,-3.234875193,-5.927957948,3.417467144,3.676698066,5.010106347,0.067069621,3.403075704,-0.553220107,-3.509221724,-1.627739796,2.017226603,Panthuvarali
08a-natakuranji-alapana-ssi-c16.mp3,0.314661304,0.04158093,569.8784861,939.8637785,914.7799589,0.029010084,-386.8400962,188.555295,16.03430943,25.27827354,21.23494669,2.365767148,13.68438062,8.959195469,-2.324851622,8.764244427,4.724384688,-8.785983653,-2.567934199,2.36828453,1.384576525,6.059935123,4.695806187,-0.491545107,-2.313298698,-1.980427881,Panthuvarali
13b-rtp-natakuranji-tanam-ssi-c05.mp3,0.285007569,0.164457157,1469.931274,1626.177044,2674.528807,0.075026979,-104.4722089,138.2245822,-35.79776503,24.67238656,-6.939658564,11.82546885,-17.55221581,3.849105181,-9.703995397,-4.24990036,-18.27940206,-3.584286419,-6.482688057,-2.590993003,-7.088720056,5.702574979,-2.803133585,-1.061522715,-6.916619106,1.58137548,Panthuvarali
13c-rtp-natakuranji-pallavi-neraval-ssi-c05.mp3,0.299228464,0.149324208,1388.083803,1619.490333,2517.028986,0.069483584,-123.3106795,141.046807,-29.12867084,24.38525149,-3.700690859,8.599620623,-18.96924621,2.749962937,-11.07389631,-2.71346169,-16.03309004,-1.179371776,-4.9611216,0.47549396,-4.754494013,2.865598508,-8.257645734,-0.094557918,-2.765197745,3.033554802,Panthuvarali
13d-rtp-natakuranji-pallavi-swarakalpana+ragamalika-ssi-c05.mp3,0.287359261,0.1380243,1551.533616,1724.702167,2932.808518,0.077580324,-124.4987251,130.6260174,-31.78528748,26.99058003,-6.652415964,11.52507868,-17.74021697,3.038948167,-14.56343158,-2.209992553,-14.36326093,0.996903381,-4.084054304,-0.265279316,-4.659326861,4.389946335,-7.079779008,0.585700625,-0.420744651,4.46527553,Panthuvarali
02b-ninnenera-panthuvarali-neraval-dkp-c07.mp3,0.245741111,0.06671755,1271.178531,1651.775772,2122.020308,0.066644581,-251.7255309,148.4562903,-5.144714955,-14.77982761,12.01205656,19.2584235,-39.25954418,-11.99758224,6.779164681,0.793799259,-20.90764429,13.68012765,3.363519077,-2.363561897,-3.217683922,14.58293481,-6.932159283,2.203241178,0.279654505,4.670141513,Panthuvarali
02c-ninnenera-panthuvarali-swarakalpana-dkp-c07.mp3,0.27649719,0.065432154,1244.976929,1641.865769,2046.754077,0.061446355,-246.1400569,151.3925248,-5.083922706,-17.02174295,7.216123741,17.35385979,-33.89468434,-15.56906361,1.999473673,5.481187192,-17.27758402,7.543026828,3.395653049,1.986385047,-2.002209578,14.26966098,-3.354719393,2.443611574,0.722001401,6.064804788,Panthuvarali
03a-panthuvarali-alapana-dkp-c06.mp3,0.297523718,0.107857235,1636.096224,1576.13308,2759.793043,0.09843699,-139.0599387,128.6149579,-56.13303588,21.9529221,3.681250979,8.682191075,-13.52029035,7.969786256,0.019371962,2.184891778,-7.59135,7.861058883,-5.216657789,5.189420051,-9.789165349,0.516365956,-0.555052527,3.664245222,-10.75389227,5.81656569,Panthuvarali
03d-ninnenera-panthuvarali-swarakalpana-dkp-c06.mp3,0.28650113,0.103824824,1704.115969,1589.197043,2784.575598,0.118050423,-145.3918971,126.5970707,-52.87697357,24.9958206,6.745762185,1.276836151,-15.22789468,10.34023436,-3.132052555,-0.868785855,-7.904561096,9.882123158,-1.73702144,7.335657829,-8.56328297,2.642779206,-0.7108961,2.107334775,-12.01867151,5.954202869,Panthuvarali
04c-karunajooda-panthuvarali-swarakalpana-dkp-c02.mp3,0.223529604,0.136403099,1651.745192,1696.927965,2873.670319,0.102598008,-135.2425963,120.3674499,-26.81892166,23.70389927,-10.38372601,-4.45949902,-7.609597768,12.17141855,-6.632853785,-3.447129313,-1.722416217,3.020247759,-1.234013703,0.120145824,-8.90067957,4.014579578,-1.549316531,-4.590149845,-10.24603798,7.205516335,Panthuvarali
1raga-pantuvarali-arohanam_avarohanam.mp3,0.262468275,0.122735292,2493.516904,2332.833817,5008.863165,0.119305727,-214.3473947,63.78622484,-17.90994182,9.935538683,-15.95605822,-0.914312135,-8.008202975,-2.668073824,-6.91000682,6.817269075,-9.340956075,1.37450792,-11.26122326,3.593607937,-3.786090787,-2.063141322,6.458311751,0.862044976,-2.734796137,-1.064056374,Panthuvarali
raga-pantuvarali-signature.mp3,0.222575418,0.117611259,1987.165341,2088.637647,4062.239394,0.075593476,-221.0377478,79.63994861,-35.08495677,15.21442393,-21.81280401,-14.98591909,-14.50062606,-8.728167596,-16.14435337,-8.029482765,-14.90203995,-3.176505757,-21.40979129,-3.38783851,-3.809016709,-11.7593937,3.470057763,-2.003542948,-13.73383514,-7.387651449,Panthuvarali
raga-pantuvarali-carnatic-apparamabhakthi.mp3,0.248363556,0.114664763,2038.281312,2129.268057,4090.296296,0.080912709,-194.0223704,78.32693026,-36.61590931,3.393548955,-26.55619568,-9.619664734,-11.11789099,-11.0282061,-14.92554137,0.957970041,-18.11681161,-3.420823367,-24.73011337,-3.103799104,-6.204725348,-12.58902388,0.229021943,-3.191871628,-10.57354708,-8.814861144,Panthuvarali
jnanamosagarada.mp3,0.294131102,0.165916562,1041.815772,1447.74257,2092.29499,0.035561498,-203.875701,129.7937091,-14.44507342,16.14152096,14.61491584,-15.21243562,-2.166746014,10.25997642,-6.599628931,2.378317581,1.077390783,3.88593594,3.428578105,7.05067155,-1.075007293,-5.422015402,1.581373851,4.25107416,1.820660841,7.80979943,Purvikalyani
MeenakshiPoorvik_RK.mp3,0.266123742,0.078698389,907.9647958,1128.465842,1787.999461,0.031978029,-278.5985742,178.9099161,-50.51660846,-7.168347248,16.29679007,-19.55844413,-8.794076745,-2.766061788,-10.02681405,5.844341452,-2.19647273,-7.375274655,1.923808866,9.921112937,2.907611902,-0.998603279,3.353055126,4.929564809,0.852894467,-4.271796085,Purvikalyani
02a-purvikalyani-alapana-ssi-tisai1960.mp3,0.308915086,0.031469394,1412.807016,1859.582737,2545.654524,0.062942655,-266.7894702,141.6494983,-6.100420889,9.228684777,1.23875923,4.516787376,-14.36680534,0.730997911,-9.498105746,6.301481075,-2.465872593,8.065054777,-6.566086755,2.663491891,-0.97069975,13.04396082,-3.951704517,0.693981889,-8.853032474,-1.995550585,Purvikalyani
02c-anandanatam-purvikalyani-swarakalpana-ssi-tisai1960.mp3,0.345509175,0.030143194,1450.074083,1836.545652,2640.273143,0.0718907,-262.2821206,141.962245,-11.7203615,15.98421365,2.394560262,-0.494107419,-14.43128639,6.822166402,-6.75357804,7.608321357,-5.776625024,6.429694885,-6.86686139,1.624588735,-6.736442922,10.49505619,-6.896869994,0.260712583,-6.720565613,5.658009259,Purvikalyani
12a-FILLER-purvikalyani-alapana-gnb-c06.mp3,0.443728706,0.02495797,909.0051176,1826.440996,1321.761247,0.021497694,-381.5065862,138.1621771,52.08231109,49.0296889,7.624569586,16.56414778,-5.220969744,14.15721375,-8.551786091,5.944466986,-3.728019063,10.16750368,-7.067120381,5.39818304,-4.961100007,5.333704495,-5.361839015,6.121704368,-3.309571729,5.477472404,Purvikalyani
04c-devadeva-purvikalyani-swarakalpana-alathur-c01.mp3,0.294556136,0.141360223,762.7231548,1302.632348,1276.057867,0.02943772,-230.7470969,169.1631177,9.026165919,26.14279027,23.59460447,0.033548897,-4.712104812,5.31092776,-7.45098753,6.332010365,-1.949978867,-0.463632145,-7.184557385,-2.786341365,-6.134529149,2.823628044,-7.958748049,-2.407719071,-1.917859105,-1.209158024,Purvikalyani
04c-moyyar-purvikalyani-swarakalpana-ssi-c05.mp3,0.300265953,0.115425669,1498.261048,1815.201892,2864.603378,0.067888664,-140.0012878,132.9675764,-16.92739799,23.5205282,-4.975940806,10.63033892,-19.98170651,2.302697544,-15.29548264,-2.104415244,-14.79228617,1.698388892,-2.311634709,4.527419014,-4.881843607,4.824619182,-4.444671808,1.103717036,-4.31398738,4.659700944,Purvikalyani
04a-purvikalyani-alapana-ssi-c19.mp3,0.256247924,0.02227529,512.0205702,972.4021031,705.9091383,0.02247199,-464.3399319,177.5941048,50.334352,10.16584089,14.90996884,10.08470693,0.938873524,-4.221791405,-1.008547944,1.275888438,-4.635727082,-6.421265808,-4.783177039,-4.419633299,0.574273928,1.266847064,-6.045798264,-6.770070589,-1.038217257,2.448324407,Purvikalyani
04a-purvikalyani-alapana-ssi-c04.mp3,0.29459751,0.20815818,1009.870939,1139.807381,1676.427975,0.064912217,-137.0323597,187.9905023,-35.07882499,4.538824933,3.184624923,-0.317420532,-4.587188971,-14.1737032,-0.841405078,7.075762535,-0.399587183,6.964099757,5.363794952,4.564909813,0.663712637,-0.128055518,-0.779447197,-0.372659306,-6.510540175,0.451297376,Purvikalyani
04a-purvikalyani-alapana-ssi-c11.mp3,0.28398109,0.11204873,1205.252333,1194.694622,1778.863784,0.075635984,-193.3499477,165.3412002,-31.32706283,-24.38072156,-18.04274155,15.22491729,-22.74357216,-17.26072995,3.003143441,-9.205111536,3.939354166,2.368506716,-6.225228103,-11.30279034,4.558722926,5.92197664,-6.034697945,-0.352479095,0.508619637,-6.412885486,Purvikalyani
1raga-poorvikalyani-arohanam_avarohanam.mp3,0.260372009,0.100933418,2551.727611,2330.984938,5106.574926,0.121631408,-231.1616677,53.46439505,-32.35927739,-0.151159974,-22.25905248,-7.141616045,-17.73775921,-14.30721779,-13.23737394,-0.831449601,-13.86460456,-0.166576516,-19.03305175,0.919763425,-5.580438118,-9.138455081,5.45738231,0.310540818,-5.063043516,-0.666251887,Purvikalyani
raga-poorvikalyani-signature.mp3,0.223375944,0.13356407,2070.310238,2102.656063,3899.065705,0.087151543,-193.2006386,77.6705769,-31.98903526,18.6393077,-18.48078203,-20.04932576,-9.806476777,-17.95450343,-23.83282218,-4.621520958,-13.62204355,-1.644872308,-19.74441365,-0.209360588,-1.988111205,-11.3560959,6.063918815,1.116145344,-13.8394618,-5.011122055,Purvikalyani
raga-poorvikalyani-carnatic-karanam_kettu.mp3,0.251445967,0.118865304,2358.809056,2143.822809,4330.398384,0.101684925,-169.3683447,65.02898667,-42.00846579,20.63274137,-20.12658342,-21.10508019,-19.34793513,-14.39439402,-18.62030246,-5.747250729,-13.25946688,1.863129995,-19.60163586,-2.589336749,-2.358790785,-13.35596086,2.822561071,1.184915818,-15.63041208,-5.003606793,Purvikalyani
ATA_TALA_VARNAM_KVN.mp3,0.269438506,0.071173973,889.3798068,872.1858305,1577.92888,0.051304105,-286.6763674,161.6060199,-18.21902356,-13.78748822,-3.657284476,-20.27823078,-20.14614832,-17.92306907,-15.94641896,-15.57841874,-12.75735468,-7.723116184,-5.703529855,-6.555901558,-6.90370344,-8.213321735,-9.807980083,-7.412838915,-5.983380324,-5.167263687,Reethigowla
dwaitamu.mp3,0.259622046,0.033820979,1556.843825,1731.699897,2823.555319,0.073658488,-306.6246872,130.9081283,-25.84931585,26.28975343,1.003331121,-37.00769294,-4.505155142,-6.125546899,-23.41685057,8.854546533,-5.248636189,-0.866130467,-3.384251143,1.519482593,0.384277877,8.646674818,-0.753879893,12.08835362,4.146429612,13.49302465,Reethigowla
guruvayurappane.mp3,0.329289436,0.075118423,1000.701909,1183.406589,2116.0465,0.042436543,-258.9814884,159.8313205,-5.89849437,51.40852655,16.25646451,-17.89768384,9.844716257,4.554029231,-18.77335336,1.758723217,4.922696055,-5.220821893,3.997903828,1.578750854,4.070180745,3.626539616,-1.001800746,0.063944698,3.858746244,0.256705274,Reethigowla
Malarinai_Reethigowla.mp3,0.261381612,0.079446942,1032.330029,1321.817146,2089.945459,0.0315844,-269.1829793,160.3786298,-49.34124907,12.47039963,13.95033179,-2.246312069,-4.708562227,-8.031703491,-20.14245658,5.433236764,-6.018083488,7.347747323,3.40970707,13.10310379,15.14424022,-1.57823524,-6.357177753,1.185622666,6.803934204,0.255367764,Reethigowla
janani.mp3,0.257634242,0.398548722,1347.96896,1848.165558,2551.090939,0.040150718,-98.89044793,128.0436127,4.151589201,33.4706254,6.347985112,-14.65291315,-11.7539083,-5.640193175,-13.98506628,0.668295943,-8.298962381,-1.764161467,-4.601422727,0.923408847,-5.891857165,-5.81078558,-3.776132675,4.690698683,-2.890361198,1.422761269,Reethigowla
tatvamariyatarama.mp3,0.239802191,0.620240152,1510.325259,1926.521399,2954.64791,0.046296601,-33.43741139,116.3398137,-11.53431886,20.7787793,2.814541695,-6.136229134,-7.608195731,-7.221862498,-11.92526952,-1.592769687,-9.044197768,-3.863628945,-4.750069252,0.692587439,-0.995334655,1.615835526,-2.915046291,3.65590371,-0.383766198,-0.344055652,Reethigowla
03c-ragaratna-reethigowla-swarakalpana-gnb-nanja.mp3,0.30737457,0.102144457,840.1338664,1542.981657,1104.048441,0.031403314,-248.3665601,156.6702665,44.52879548,34.02800674,-2.736917909,6.973706413,-3.417837367,4.588847446,-9.239377621,-2.56492968,-9.97466145,1.20963078,-7.357287456,3.017822829,-3.444560355,6.490822496,-3.923363635,1.766940858,-7.299320492,1.847173371,Reethigowla
03b-ragaratna-reethigowla-neraval-gnb-nanja.mp3,0.275537303,0.092929833,833.7184371,1609.40486,999.4130706,0.029453023,-264.8596884,153.5521152,45.73661969,30.18109014,3.423469055,11.3387244,-3.091478809,4.591304942,-7.812751862,-1.176509517,-9.041009135,1.79922163,-6.742113148,3.784779065,-3.500056192,4.526962074,-6.295667018,1.164727731,-6.802386379,2.24267008,Reethigowla
08b-badalikadheera-reethigowla-swarakalpana-mdr-c02.mp3,0.290454494,0.123255983,713.9885498,911.6697946,1027.657435,0.045335625,-260.595481,194.2341722,15.26258061,-17.89456382,-3.828607015,-11.94568757,-14.18133079,-18.17421554,-16.53202384,-2.16923011,-4.726101294,-11.04881616,1.837038627,9.672751659,-0.405963869,-0.920585448,7.412275793,6.341606583,0.173401092,0.611772223,Reethigowla
07c-dwaitamu-reethigowlai-swarakalpana-ssi-c04.mp3,0.349151576,0.266544312,1194.502192,1245.225863,2040.692787,0.078001158,-88.07851217,172.6982487,-47.13879692,11.81071071,5.771667532,2.414966036,-9.677577155,-1.422329813,-2.915533147,5.973401392,-0.926871787,-1.184572902,2.052902536,0.320643061,-4.919430438,5.535258123,3.712726365,1.142778504,-2.756996609,-0.576857379,Reethigowla
2raga-reethigowlai-arohanam_avarohanam.mp3,0.232316463,0.076013796,2343.452023,2205.476893,4554.872378,0.109489617,-277.9019323,58.10373265,-29.38781798,9.721244709,-23.39719917,-12.34478095,-12.73320471,-16.58133328,-20.29577969,-4.851379802,-17.78181227,-7.459205808,-15.00837429,0.74287032,-2.068196292,-9.662013711,5.415022746,-0.565173176,-3.480226901,-0.390057568,Reethigowla
3raga-reethigowlai-signature.mp3,0.198884737,0.10599155,2229.640995,2187.459004,4233.923885,0.098092671,-243.2863787,55.9339717,-22.94407957,24.64845596,-23.42217135,-27.64600998,-12.16979352,-17.12662094,-39.09643566,-12.69534334,-18.77679361,-0.463241968,-19.80231208,-2.825534976,3.382066652,-8.499168395,9.328080297,6.580110473,-11.44761998,2.917297086,Reethigowla
1raga-reethigowlai-carnatic-guruvayoorappane.mp3,0.223745159,0.096109353,1790.208198,1933.370765,3497.670802,0.063781207,-238.6154472,90.40017382,-34.53932612,21.50703706,-17.54477449,-19.66830754,-12.70524713,-18.38603044,-23.94407209,-13.82056057,-19.93655121,-4.353498331,-18.07713088,1.842018124,-0.860293278,-15.09387027,2.704350085,-7.02251809,-11.71138074,-9.287389468,Reethigowla
